,제목,URL,Thumbnail
0,,https://comic.naver.com/webtoon/list?titleId=758037&weekday=mon,https://shared-comic.pstatic.net/thumb/webtoon/758037/thumbnail/thumbnail_IMAG10_a2297504-4912-4c7e-a5a8-524d6fc77103.jpg
1,,https://comic.naver.com/webtoon/list?titleId=183559&weekday=mon,https://shared-comic.pstatic.net/thumb/webtoon/183559/thumbnail/thumbnail_IMAG10_9a752bec-9ebd-4214-9449-28cf4defc650.jpg
2,,https://comic.naver.com/webtoon/list?titleId=648419&weekday=mon,https://shared-comic.pstatic.net/thumb/webtoon/648419/thumbnail/thumbnail_IMAG10_1421195d-13be-4cde-bcf9-0c78d51c5ea3.jpg
3,,https://comic.naver.com/webtoon/list?titleId=654774&weekday=mon,https://shared-comic.pstatic.net/thumb/webtoon/654774/thumbnail/thumbnail_IMAG10_c966c4af-f642-4531-b39b-74c284034d9e.jpg
4,,https://comic.naver.com/webtoon/list?titleId=774863&weekday=mon,https://shared-comic.pstatic.net/thumb/webtoon/774863/thumbnail/thumbnail_IMAG10_bcaea87e-33e2-4a5f-90d7-bf6bc8998e34.jpg
5,,https://comic.naver.com/webtoon/list?titleId=733074&weekday=mon,https://shared-comic.pstatic.net/thumb/webtoon/733074/thumbnail/thumbnail_IMAG10_0741d1f6-2bae-474b-87ae-6f1a69988808.jpg
6,,https://comic.naver.com/webtoon/list?titleId=728750&weekday=mon,https://shared-comic.pstatic.net/thumb/webtoon/728750/thumbnail/thumbnail_IMAG10_d991c7c7-8068-48ce-b03b-54d4df8c8197.jpg
7,,https://comic.naver.com/webtoon/list?titleId=749632&weekday=mon,https://shared-comic.pstatic.net/thumb/webtoon/749632/thumbnail/thumbnail_IMAG10_8e2f81f2-e0c1-4e7a-8d34-ddfb10635ac5.jpg
8,,https://comic.naver.com/webtoon/list?titleId=739115&weekday=mon,https://shared-comic.pstatic.net/thumb/webtoon/739115/thumbnail/thumbnail_IMAG10_a206c88b-0b8c-461d-b9e0-76ae8f6ee8ff.jpg
9,,https://comic.naver.com/webtoon/list?titleId=759940&weekday=mon,https://shared-comic.pstatic.net/thumb/webtoon/759940/thumbnail/thumbnail_IMAG10_7abdbbb8-b81c-46ec-8a35-3a9730fc02fa.jpg
10,,https://comic.naver.com/webtoon/list?titleId=769317&weekday=mon,https://shared-comic.pstatic.net/thumb/webtoon/769317/thumbnail/thumbnail_IMAG10_09200bd8-ea5b-465f-aa55-f51256bfe812.jpg
11,,https://comic.naver.com/webtoon/list?titleId=768536&weekday=mon,https://shared-comic.pstatic.net/thumb/webtoon/768536/thumbnail/thumbnail_IMAG10_51cf501c-79a5-48c9-957d-455931cbb0c3.jpg
12,,https://comic.naver.com/webtoon/list?titleId=703849&weekday=mon,https://shared-comic.pstatic.net/thumb/webtoon/703849/thumbnail/thumbnail_IMAG10_097cd002-38ad-47d0-99b8-05d4b2044a9d.jpg
13,,https://comic.naver.com/webtoon/list?titleId=768472&weekday=mon,https://shared-comic.pstatic.net/thumb/webtoon/768472/thumbnail/thumbnail_IMAG10_07fb3ce0-1377-4f8f-a99c-7a44b2633ae7.jpg
14,,https://comic.naver.com/webtoon/list?titleId=769663&weekday=mon,https://shared-comic.pstatic.net/thumb/webtoon/769663/thumbnail/thumbnail_IMAG10_95cf0547-3483-45bd-9b7a-73c1fe9c68df.jpg
15,,https://comic.naver.com/webtoon/list?titleId=709731&weekday=mon,https://shared-comic.pstatic.net/thumb/webtoon/709731/thumbnail/thumbnail_IMAG10_b26742fe-0090-40db-a52f-9d6c97f3ada5.jpg
16,,https://comic.naver.com/webtoon/list?titleId=21815&weekday=mon,https://shared-comic.pstatic.net/thumb/webtoon/21815/thumbnail/thumbnail_title_21815_83x90.gif
17,,https://comic.naver.com/webtoon/list?titleId=778748&weekday=mon,https://shared-comic.pstatic.net/thumb/webtoon/778748/thumbnail/thumbnail_IMAG10_3763b4c7-58b4-4ca3-acf7-40cf8e4cc24b.jpg
18,,https://comic.naver.com/webtoon/list?titleId=774866&weekday=mon,https://shared-comic.pstatic.net/thumb/webtoon/774866/thumbnail/thumbnail_IMAG10_0d2e042c-ce5e-4c9c-b6e1-8fc29df58af4.jpg
19,,https://comic.naver.com/webtoon/list?titleId=783466&weekday=mon,https://shared-comic.pstatic.net/thumb/webtoon/783466/thumbnail/thumbnail_IMAG10_7615bde1-52d8-4ebe-9b27-69ecb2bfb36f.jpg
20,,https://comic.naver.com/webtoon/list?titleId=741891&weekday=mon,https://shared-comic.pstatic.net/thumb/webtoon/741891/thumbnail/thumbnail_IMAG10_0493a07d-a793-44e7-b6f8-7c2439cc61c9.jpg
21,,https://comic.naver.com/webtoon/list?titleId=716857&weekday=mon,https://shared-comic.pstatic.net/thumb/webtoon/716857/thumbnail/thumbnail_IMAG10_fb5f2776-982c-4891-b844-e617a907d5c9.jpg
22,,https://comic.naver.com/webtoon/list?titleId=772725&weekday=mon,https://shared-comic.pstatic.net/thumb/webtoon/772725/thumbnail/thumbnail_IMAG10_e78a5124-b03d-4a2b-8295-7549b38f99cf.jpg
23,,https://comic.naver.com/webtoon/list?titleId=780414&weekday=mon,https://shared-comic.pstatic.net/thumb/webtoon/780414/thumbnail/thumbnail_IMAG10_6028bb20-4bca-4909-be2b-cfea8f01bd26.jpg
24,,https://comic.naver.com/webtoon/list?titleId=597478&weekday=mon,https://shared-comic.pstatic.net/thumb/webtoon/597478/thumbnail/thumbnail_IMAG10_223dbebf-64c9-4de2-804d-0389d5c11d73.jpg
25,,https://comic.naver.com/webtoon/list?titleId=758666&weekday=mon,https://shared-comic.pstatic.net/thumb/webtoon/758666/thumbnail/thumbnail_IMAG10_4f99539c-4edc-494e-b6e2-3cc5369d7913.jpg
26,,https://comic.naver.com/webtoon/list?titleId=778329&weekday=mon,https://shared-comic.pstatic.net/thumb/webtoon/778329/thumbnail/thumbnail_IMAG10_83504df0-9303-4021-b3cf-f712d2203fd6.jpg
27,,https://comic.naver.com/webtoon/list?titleId=738809&weekday=mon,https://shared-comic.pstatic.net/thumb/webtoon/738809/thumbnail/thumbnail_IMAG10_b405b08b-cb48-47ee-b6b7-10ecade65033.jpg
28,,https://comic.naver.com/webtoon/list?titleId=780881&weekday=mon,https://shared-comic.pstatic.net/thumb/webtoon/780881/thumbnail/thumbnail_IMAG10_68154972-d3c0-4caa-b754-bd0076f0ef27.jpg
29,,https://comic.naver.com/webtoon/list?titleId=783050&weekday=mon,https://shared-comic.pstatic.net/thumb/webtoon/783050/thumbnail/thumbnail_IMAG10_b494dc32-a831-4b13-bd32-7ba83a41d083.jpg
30,,https://comic.naver.com/webtoon/list?titleId=687915&weekday=mon,https://shared-comic.pstatic.net/thumb/webtoon/687915/thumbnail/thumbnail_IMAG10_e03acc4a-a1ce-4ebc-a021-e3cc07af5f20.jpg
31,,https://comic.naver.com/webtoon/list?titleId=770656&weekday=mon,https://shared-comic.pstatic.net/thumb/webtoon/770656/thumbnail/thumbnail_IMAG10_6c736096-e0a0-4fd0-bc3f-9b8a283ce273.jpg
32,,https://comic.naver.com/webtoon/list?titleId=774703&weekday=mon,https://shared-comic.pstatic.net/thumb/webtoon/774703/thumbnail/thumbnail_IMAG10_40c1ebe5-fbc4-40ff-9d9e-2655398a239c.jpg
33,,https://comic.naver.com/webtoon/list?titleId=758671&weekday=mon,https://shared-comic.pstatic.net/thumb/webtoon/758671/thumbnail/thumbnail_IMAG10_052d1275-3145-4c1a-b7ab-af39cf8a6599.jpg
34,,https://comic.naver.com/webtoon/list?titleId=761461&weekday=mon,https://shared-comic.pstatic.net/thumb/webtoon/761461/thumbnail/thumbnail_IMAG10_bc1bf7e1-0a45-4b65-8484-4e1683c57baa.jpg
35,,https://comic.naver.com/webtoon/list?titleId=768534&weekday=mon,https://shared-comic.pstatic.net/thumb/webtoon/768534/thumbnail/thumbnail_IMAG10_aa734331-7228-4c02-9276-fbb7fcd27ef8.jpg
36,,https://comic.naver.com/webtoon/list?titleId=774302&weekday=mon,https://shared-comic.pstatic.net/thumb/webtoon/774302/thumbnail/thumbnail_IMAG10_30301e27-fdd2-4a62-b928-ba1bc599f91a.jpg
37,,https://comic.naver.com/webtoon/list?titleId=744320&weekday=mon,https://shared-comic.pstatic.net/thumb/webtoon/744320/thumbnail/thumbnail_IMAG10_9c0e1d72-04c4-4f61-871f-c68290b5d375.jpg
38,,https://comic.naver.com/webtoon/list?titleId=734574&weekday=mon,https://shared-comic.pstatic.net/thumb/webtoon/734574/thumbnail/thumbnail_IMAG10_3826e6bf-18f7-4f56-9b15-3cc5e1b0e6ff.jpg
39,,https://comic.naver.com/webtoon/list?titleId=772734&weekday=mon,https://shared-comic.pstatic.net/thumb/webtoon/772734/thumbnail/thumbnail_IMAG10_37fe38e8-2009-423a-8ccf-6971616c6e66.jpg
40,,https://comic.naver.com/webtoon/list?titleId=767919&weekday=mon,https://shared-comic.pstatic.net/thumb/webtoon/767919/thumbnail/thumbnail_IMAG10_261a0e42-cb4f-41e1-afcc-43eab555530d.jpg
41,,https://comic.naver.com/webtoon/list?titleId=758667&weekday=mon,https://shared-comic.pstatic.net/thumb/webtoon/758667/thumbnail/thumbnail_IMAG10_1c4acfac-0d64-4177-872c-477afc640a18.jpg
42,,https://comic.naver.com/webtoon/list?titleId=766575&weekday=mon,https://shared-comic.pstatic.net/thumb/webtoon/766575/thumbnail/thumbnail_IMAG10_710d1d78-083d-41c6-ad75-7359d7e691ac.jpg
43,,https://comic.naver.com/webtoon/list?titleId=772243&weekday=mon,https://shared-comic.pstatic.net/thumb/webtoon/772243/thumbnail/thumbnail_IMAG10_03d8fba5-3abb-4801-ac40-f065a983a484.jpg
44,,https://comic.naver.com/webtoon/list?titleId=752413&weekday=mon,https://shared-comic.pstatic.net/thumb/webtoon/752413/thumbnail/thumbnail_IMAG10_86185923-7827-4354-9f72-a05133fbd92e.jpg
45,,https://comic.naver.com/webtoon/list?titleId=762237&weekday=mon,https://shared-comic.pstatic.net/thumb/webtoon/762237/thumbnail/thumbnail_IMAG10_55ccac22-dba5-4d20-8ad0-fb7610fe8ea8.jpg
46,,https://comic.naver.com/webtoon/list?titleId=752350&weekday=mon,https://shared-comic.pstatic.net/thumb/webtoon/752350/thumbnail/thumbnail_IMAG10_337ea019-5c3f-403e-a112-9244c8116c0e.jpg
47,,https://comic.naver.com/webtoon/list?titleId=752530&weekday=mon,https://shared-comic.pstatic.net/thumb/webtoon/752530/thumbnail/thumbnail_IMAG10_5482b0b9-e708-4047-885a-9c015a6faa3d.jpg
48,,https://comic.naver.com/webtoon/list?titleId=774040&weekday=mon,https://shared-comic.pstatic.net/thumb/webtoon/774040/thumbnail/thumbnail_IMAG10_7cb6588b-7a7b-41cc-9275-3a2e65bd593d.jpg
49,,https://comic.naver.com/webtoon/list?titleId=756140&weekday=mon,https://shared-comic.pstatic.net/thumb/webtoon/756140/thumbnail/thumbnail_IMAG10_c80848c1-5a94-4f77-a069-e869e8995186.jpg
50,,https://comic.naver.com/webtoon/list?titleId=745654&weekday=mon,https://shared-comic.pstatic.net/thumb/webtoon/745654/thumbnail/thumbnail_IMAG10_791e7b17-10c6-46f1-ad8c-653d090fd168.jpg
51,,https://comic.naver.com/webtoon/list?titleId=765776&weekday=mon,https://shared-comic.pstatic.net/thumb/webtoon/765776/thumbnail/thumbnail_IMAG10_93784ff4-28e7-4848-b0e4-ae1adbd59a5a.jpg
52,,https://comic.naver.com/webtoon/list?titleId=750493&weekday=mon,https://shared-comic.pstatic.net/thumb/webtoon/750493/thumbnail/thumbnail_IMAG10_171a5039-1ee8-476e-b321-0681525c51fd.jpg
53,,https://comic.naver.com/webtoon/list?titleId=764041&weekday=mon,https://shared-comic.pstatic.net/thumb/webtoon/764041/thumbnail/thumbnail_IMAG10_f4bfa353-9736-49e6-af74-8aae83bfc74e.jpg
54,,https://comic.naver.com/webtoon/list?titleId=761553&weekday=mon,https://shared-comic.pstatic.net/thumb/webtoon/761553/thumbnail/thumbnail_IMAG10_6304d446-7da2-4615-814e-f4344d83b916.jpg
55,,https://comic.naver.com/webtoon/list?titleId=761463&weekday=mon,https://shared-comic.pstatic.net/thumb/webtoon/761463/thumbnail/thumbnail_IMAG10_c7216e07-581c-481f-9f1b-e56df6350afd.jpg
56,,https://comic.naver.com/webtoon/list?titleId=759420&weekday=mon,https://shared-comic.pstatic.net/thumb/webtoon/759420/thumbnail/thumbnail_IMAG10_fca0896c-4b50-40eb-b037-499f453dcb9e.jpg
57,,https://comic.naver.com/webtoon/list?titleId=767979&weekday=mon,https://shared-comic.pstatic.net/thumb/webtoon/767979/thumbnail/thumbnail_IMAG10_9825a874-1e45-4d0c-8637-e9c1345085dd.jpg
58,,https://comic.naver.com/webtoon/list?titleId=769801&weekday=mon,https://shared-comic.pstatic.net/thumb/webtoon/769801/thumbnail/thumbnail_IMAG10_4e4adc42-906b-4db4-aa6e-63e5cd66e17c.jpg
59,,https://comic.naver.com/webtoon/list?titleId=734918&weekday=mon,https://shared-comic.pstatic.net/thumb/webtoon/734918/thumbnail/thumbnail_IMAG10_c4eb0e76-aedd-45b3-9c5b-964db66bd69c.jpg
60,,https://comic.naver.com/webtoon/list?titleId=764480&weekday=mon,https://shared-comic.pstatic.net/thumb/webtoon/764480/thumbnail/thumbnail_IMAG10_079ee088-f175-40ed-9553-8bf2eb10e025.jpg
61,,https://comic.naver.com/webtoon/list?titleId=756790&weekday=mon,https://shared-comic.pstatic.net/thumb/webtoon/756790/thumbnail/thumbnail_IMAG10_45728c1e-50de-44f1-a3f1-d1af29dfc9d2.jpg
62,,https://comic.naver.com/webtoon/list?titleId=770590&weekday=mon,https://shared-comic.pstatic.net/thumb/webtoon/770590/thumbnail/thumbnail_IMAG10_ed42b29a-9760-40e8-9281-825c004f0b23.jpg
63,,https://comic.naver.com/webtoon/list?titleId=764623&weekday=mon,https://shared-comic.pstatic.net/thumb/webtoon/764623/thumbnail/thumbnail_IMAG10_8fc32406-b947-4945-bfcd-8593c1d115ab.jpg
64,,https://comic.naver.com/webtoon/list?titleId=740132&weekday=mon,https://shared-comic.pstatic.net/thumb/webtoon/740132/thumbnail/thumbnail_IMAG10_75fe6ace-e0ba-4e97-95ac-ac1144395b11.jpg
65,,https://comic.naver.com/webtoon/list?titleId=754872&weekday=mon,https://shared-comic.pstatic.net/thumb/webtoon/754872/thumbnail/thumbnail_IMAG10_6c4d0e20-77a0-43ef-881a-6798f874278b.jpg
66,,https://comic.naver.com/webtoon/list?titleId=780506&weekday=tue,https://shared-comic.pstatic.net/thumb/webtoon/780506/thumbnail/thumbnail_IMAG10_a15572d1-5bbb-4600-91da-c02f3de845b2.jpg
67,,https://comic.naver.com/webtoon/list?titleId=703846&weekday=tue,https://shared-comic.pstatic.net/thumb/webtoon/703846/thumbnail/thumbnail_IMAG10_35503130-16ce-4236-b913-0fe76226de36.jpg
68,,https://comic.naver.com/webtoon/list?titleId=743139&weekday=tue,https://shared-comic.pstatic.net/thumb/webtoon/743139/thumbnail/thumbnail_IMAG10_df1a8c2f-63c4-44e1-b1f5-907c41c13243.jpg
69,,https://comic.naver.com/webtoon/list?titleId=773459&weekday=tue,https://shared-comic.pstatic.net/thumb/webtoon/773459/thumbnail/thumbnail_IMAG10_050d4f7b-68b1-496a-95fa-b86564875846.jpg
70,,https://comic.naver.com/webtoon/list?titleId=759925&weekday=tue,https://shared-comic.pstatic.net/thumb/webtoon/759925/thumbnail/thumbnail_IMAG10_ab461af8-c357-459e-bf71-cdbb924cffcf.jpg
71,,https://comic.naver.com/webtoon/list?titleId=730656&weekday=tue,https://shared-comic.pstatic.net/thumb/webtoon/730656/thumbnail/thumbnail_IMAG10_b324ec4f-f869-4b55-b2fb-63306bef3a41.jpg
72,,https://comic.naver.com/webtoon/list?titleId=738487&weekday=tue,https://shared-comic.pstatic.net/thumb/webtoon/738487/thumbnail/thumbnail_IMAG10_6704ef3b-2596-4fba-b40d-9ec522dfd866.jpg
73,,https://comic.naver.com/webtoon/list?titleId=738174&weekday=tue,https://shared-comic.pstatic.net/thumb/webtoon/738174/thumbnail/thumbnail_IMAG10_da06bb94-8176-4b0f-a0e6-cd57f2690ad0.jpg
74,,https://comic.naver.com/webtoon/list?titleId=778963&weekday=tue,https://shared-comic.pstatic.net/thumb/webtoon/778963/thumbnail/thumbnail_IMAG10_e12c0167-935c-48c0-9368-3212ec220239.jpg
75,,https://comic.naver.com/webtoon/list?titleId=683496&weekday=tue,https://shared-comic.pstatic.net/thumb/webtoon/683496/thumbnail/thumbnail_IMAG10_69a59ea4-ece8-4454-beea-a730adae236f.jpg
76,,https://comic.naver.com/webtoon/list?titleId=702608&weekday=tue,https://shared-comic.pstatic.net/thumb/webtoon/702608/thumbnail/thumbnail_IMAG10_85425026-fd1c-4a8a-8d58-e257bbf892c0.jpg
77,,https://comic.naver.com/webtoon/list?titleId=772401&weekday=tue,https://shared-comic.pstatic.net/thumb/webtoon/772401/thumbnail/thumbnail_IMAG10_37107ea5-7086-458e-b4f8-2906192ce9b5.jpg
78,,https://comic.naver.com/webtoon/list?titleId=753856&weekday=tue,https://shared-comic.pstatic.net/thumb/webtoon/753856/thumbnail/thumbnail_IMAG10_61cd690d-7c5f-449f-8384-f7642c368a04.jpg
79,,https://comic.naver.com/webtoon/list?titleId=773522&weekday=tue,https://shared-comic.pstatic.net/thumb/webtoon/773522/thumbnail/thumbnail_IMAG10_bb6edda7-7c52-4f98-b53f-85f9f6bfc5ea.jpg
80,,https://comic.naver.com/webtoon/list?titleId=721433&weekday=tue,https://shared-comic.pstatic.net/thumb/webtoon/721433/thumbnail/thumbnail_IMAG10_e9488dab-e61d-4219-93d2-75737f6be3de.jpg
81,,https://comic.naver.com/webtoon/list?titleId=757904&weekday=tue,https://shared-comic.pstatic.net/thumb/webtoon/757904/thumbnail/thumbnail_IMAG10_7a4f9439-1f09-47fa-a834-b69197b21d30.jpg
82,,https://comic.naver.com/webtoon/list?titleId=755694&weekday=tue,https://shared-comic.pstatic.net/thumb/webtoon/755694/thumbnail/thumbnail_IMAG10_2e14da99-d098-428e-85c7-0879e02a8287.jpg
83,,https://comic.naver.com/webtoon/list?titleId=698918&weekday=tue,https://shared-comic.pstatic.net/thumb/webtoon/698918/thumbnail/thumbnail_IMAG10_1ffbcabb-b5fd-41d8-9500-faaee1d3cbb4.jpg
84,,https://comic.naver.com/webtoon/list?titleId=774358&weekday=tue,https://shared-comic.pstatic.net/thumb/webtoon/774358/thumbnail/thumbnail_IMAG10_6a2f9990-0ff5-47da-aa59-6c1f68954e6f.jpg
85,,https://comic.naver.com/webtoon/list?titleId=616239&weekday=tue,https://shared-comic.pstatic.net/thumb/webtoon/616239/thumbnail/title_thumbnail_20161031214436_t83x90.jpg
86,,https://comic.naver.com/webtoon/list?titleId=771044&weekday=tue,https://shared-comic.pstatic.net/thumb/webtoon/771044/thumbnail/thumbnail_IMAG10_bc5980e0-19e8-46da-85f6-99e6a78a139a.jpg
87,,https://comic.naver.com/webtoon/list?titleId=766648&weekday=tue,https://shared-comic.pstatic.net/thumb/webtoon/766648/thumbnail/thumbnail_IMAG10_c081d7c7-0bbe-4815-9596-c486a2fbb013.jpg
88,,https://comic.naver.com/webtoon/list?titleId=723046&weekday=tue,https://shared-comic.pstatic.net/thumb/webtoon/723046/thumbnail/thumbnail_IMAG10_bcbb3000-5fca-4d1d-b93a-087b03a2a13b.jpg
89,,https://comic.naver.com/webtoon/list?titleId=716857&weekday=tue,https://shared-comic.pstatic.net/thumb/webtoon/716857/thumbnail/thumbnail_IMAG10_fb5f2776-982c-4891-b844-e617a907d5c9.jpg
90,,https://comic.naver.com/webtoon/list?titleId=754875&weekday=tue,https://shared-comic.pstatic.net/thumb/webtoon/754875/thumbnail/thumbnail_IMAG10_de87cbe7-e6f8-4207-9c9b-0b214e99d875.JPG
91,,https://comic.naver.com/webtoon/list?titleId=740034&weekday=tue,https://shared-comic.pstatic.net/thumb/webtoon/740034/thumbnail/thumbnail_IMAG10_441329f7-c6b4-48ff-bbc6-025e0d303865.jpg
92,,https://comic.naver.com/webtoon/list?titleId=765156&weekday=tue,https://shared-comic.pstatic.net/thumb/webtoon/765156/thumbnail/thumbnail_IMAG10_47b40549-fbad-4dd3-8f0a-f656256643e3.jpg
93,,https://comic.naver.com/webtoon/list?titleId=753853&weekday=tue,https://shared-comic.pstatic.net/thumb/webtoon/753853/thumbnail/thumbnail_IMAG10_f5d73c61-e9d0-44a4-836d-2608b3876667.jpg
94,,https://comic.naver.com/webtoon/list?titleId=732988&weekday=tue,https://shared-comic.pstatic.net/thumb/webtoon/732988/thumbnail/thumbnail_IMAG10_c01143c2-ed1c-4385-835c-5c5994f75ff7.jpg
95,,https://comic.naver.com/webtoon/list?titleId=726214&weekday=tue,https://shared-comic.pstatic.net/thumb/webtoon/726214/thumbnail/thumbnail_IMAG10_e673dd9c-d2e3-4926-96aa-fb5ed2de499b.jpg
96,,https://comic.naver.com/webtoon/list?titleId=733458&weekday=tue,https://shared-comic.pstatic.net/thumb/webtoon/733458/thumbnail/thumbnail_IMAG10_28672aca-7303-4e2a-8ad3-b14f6c449455.jpg
97,,https://comic.naver.com/webtoon/list?titleId=767908&weekday=tue,https://shared-comic.pstatic.net/thumb/webtoon/767908/thumbnail/thumbnail_IMAG10_aa8a4061-121a-47c3-b33a-724c632165f7.jpg
98,,https://comic.naver.com/webtoon/list?titleId=654138&weekday=tue,https://shared-comic.pstatic.net/thumb/webtoon/654138/thumbnail/thumbnail_IMAG10_6703cec5-78ee-4a87-9362-e46b6763b432.jpg
99,,https://comic.naver.com/webtoon/list?titleId=753839&weekday=tue,https://shared-comic.pstatic.net/thumb/webtoon/753839/thumbnail/thumbnail_IMAG10_d03af743-513a-4abe-af8a-28a1e623facb.jpg
100,,https://comic.naver.com/webtoon/list?titleId=676695&weekday=tue,https://shared-comic.pstatic.net/thumb/webtoon/676695/thumbnail/thumbnail_IMAG10_e908df03-8da8-4ab3-a9de-c9eff525e5ab.jpg
101,,https://comic.naver.com/webtoon/list?titleId=741449&weekday=tue,https://shared-comic.pstatic.net/thumb/webtoon/741449/thumbnail/thumbnail_IMAG10_df502277-7a70-45ec-a553-b6d466a2e0f5.jpg
102,,https://comic.naver.com/webtoon/list?titleId=755601&weekday=tue,https://shared-comic.pstatic.net/thumb/webtoon/755601/thumbnail/thumbnail_IMAG10_edafaf1f-bcea-4569-b16a-0d557e11a5d9.jpg
103,,https://comic.naver.com/webtoon/list?titleId=770068&weekday=tue,https://shared-comic.pstatic.net/thumb/webtoon/770068/thumbnail/thumbnail_IMAG10_542bf5f9-1d11-430b-ab3b-de6498a8eac6.jpg
104,,https://comic.naver.com/webtoon/list?titleId=776093&weekday=tue,https://shared-comic.pstatic.net/thumb/webtoon/776093/thumbnail/thumbnail_IMAG10_be5d14cd-9ef2-4271-a496-e805c1e2ba09.jpg
105,,https://comic.naver.com/webtoon/list?titleId=752532&weekday=tue,https://shared-comic.pstatic.net/thumb/webtoon/752532/thumbnail/thumbnail_IMAG10_b2862352-4ffb-495b-97f3-91f9d0f4e4ae.jpg
106,,https://comic.naver.com/webtoon/list?titleId=770477&weekday=tue,https://shared-comic.pstatic.net/thumb/webtoon/770477/thumbnail/thumbnail_IMAG10_e2eedec3-2af1-4935-8ab7-1d4868f98cd5.jpg
107,,https://comic.naver.com/webtoon/list?titleId=759924&weekday=tue,https://shared-comic.pstatic.net/thumb/webtoon/759924/thumbnail/thumbnail_IMAG10_998053f8-d627-4b53-a08f-9664f4dee0b8.jpg
108,,https://comic.naver.com/webtoon/list?titleId=761601&weekday=tue,https://shared-comic.pstatic.net/thumb/webtoon/761601/thumbnail/thumbnail_IMAG10_5c82ba0c-4f5a-48ef-9847-f7b77e1808f8.jpg
109,,https://comic.naver.com/webtoon/list?titleId=762073&weekday=tue,https://shared-comic.pstatic.net/thumb/webtoon/762073/thumbnail/thumbnail_IMAG10_424bd290-657d-4c68-9555-6f3d33e54ed9.jpg
110,,https://comic.naver.com/webtoon/list?titleId=738145&weekday=tue,https://shared-comic.pstatic.net/thumb/webtoon/738145/thumbnail/thumbnail_IMAG10_7c33c185-5110-4c83-9f42-ad2a6951c359.jpg
111,,https://comic.naver.com/webtoon/list?titleId=744381&weekday=tue,https://shared-comic.pstatic.net/thumb/webtoon/744381/thumbnail/thumbnail_IMAG10_cf7bf35e-2622-4dbe-b20a-17bf380fc2c1.jpg
112,,https://comic.naver.com/webtoon/list?titleId=780151&weekday=tue,https://shared-comic.pstatic.net/thumb/webtoon/780151/thumbnail/thumbnail_IMAG10_f4e69caa-309c-4ffb-bb94-66897f32968c.jpg
113,,https://comic.naver.com/webtoon/list?titleId=771063&weekday=tue,https://shared-comic.pstatic.net/thumb/webtoon/771063/thumbnail/thumbnail_IMAG10_c8ae7ff8-dc8c-4800-8e2b-5a46cd504b04.jpg
114,,https://comic.naver.com/webtoon/list?titleId=737019&weekday=tue,https://shared-comic.pstatic.net/thumb/webtoon/737019/thumbnail/thumbnail_IMAG10_73fd973c-7a03-4eb9-b554-66c8af1ff683.jpg
115,,https://comic.naver.com/webtoon/list?titleId=774504&weekday=tue,https://shared-comic.pstatic.net/thumb/webtoon/774504/thumbnail/thumbnail_IMAG10_d149ad42-763d-49ce-8e68-2acea9e6f76a.jpg
116,,https://comic.naver.com/webtoon/list?titleId=738483&weekday=tue,https://shared-comic.pstatic.net/thumb/webtoon/738483/thumbnail/thumbnail_IMAG10_b243227c-6502-4c39-b9aa-09fde861850c.jpg
117,,https://comic.naver.com/webtoon/list?titleId=703850&weekday=tue,https://shared-comic.pstatic.net/thumb/webtoon/703850/thumbnail/thumbnail_IMAG10_d093ab2d-a006-457b-92b5-1da097bc3af1.jpg
118,,https://comic.naver.com/webtoon/list?titleId=778228&weekday=tue,https://shared-comic.pstatic.net/thumb/webtoon/778228/thumbnail/thumbnail_IMAG10_2447a95e-3e6a-491f-b051-ccfe885316a0.jpg
119,,https://comic.naver.com/webtoon/list?titleId=769551&weekday=tue,https://shared-comic.pstatic.net/thumb/webtoon/769551/thumbnail/thumbnail_IMAG10_8363faa4-b5f2-4c98-9d06-24b75faed605.jpg
120,,https://comic.naver.com/webtoon/list?titleId=766966&weekday=tue,https://shared-comic.pstatic.net/thumb/webtoon/766966/thumbnail/thumbnail_IMAG10_110f4801-2cdf-4039-a103-a79adc514d95.jpg
121,,https://comic.naver.com/webtoon/list?titleId=770030&weekday=tue,https://shared-comic.pstatic.net/thumb/webtoon/770030/thumbnail/thumbnail_IMAG10_96a01ef0-a2cd-4c4e-ada7-76ab6bb9fae7.jpg
122,,https://comic.naver.com/webtoon/list?titleId=765822&weekday=tue,https://shared-comic.pstatic.net/thumb/webtoon/765822/thumbnail/thumbnail_IMAG10_b927d866-6eed-4274-9625-1e6dae5f4149.jpg
123,,https://comic.naver.com/webtoon/list?titleId=775328&weekday=tue,https://shared-comic.pstatic.net/thumb/webtoon/775328/thumbnail/thumbnail_IMAG10_365262f2-48e2-43ca-b083-6aa1f419fb35.jpg
124,,https://comic.naver.com/webtoon/list?titleId=764622&weekday=tue,https://shared-comic.pstatic.net/thumb/webtoon/764622/thumbnail/thumbnail_IMAG10_3bd9ada1-fdb7-473a-a589-d92b2fb67d94.jpg
125,,https://comic.naver.com/webtoon/list?titleId=775337&weekday=tue,https://shared-comic.pstatic.net/thumb/webtoon/775337/thumbnail/thumbnail_IMAG10_e8e5d678-27f0-438b-863d-0cd036ac3b39.jpg
126,,https://comic.naver.com/webtoon/list?titleId=773085&weekday=tue,https://shared-comic.pstatic.net/thumb/webtoon/773085/thumbnail/thumbnail_IMAG10_254861fa-aebc-4968-8f5a-dd0c0e6a8698.jpg
127,,https://comic.naver.com/webtoon/list?titleId=774022&weekday=tue,https://shared-comic.pstatic.net/thumb/webtoon/774022/thumbnail/thumbnail_IMAG10_5aa0b458-6ded-4af1-9038-d5fd091c56c8.jpg
128,,https://comic.naver.com/webtoon/list?titleId=771095&weekday=tue,https://shared-comic.pstatic.net/thumb/webtoon/771095/thumbnail/thumbnail_IMAG10_7ea09324-d1e4-4ffc-935d-c7d5922651fa.jpg
129,,https://comic.naver.com/webtoon/list?titleId=758672&weekday=tue,https://shared-comic.pstatic.net/thumb/webtoon/758672/thumbnail/thumbnail_IMAG10_060c8fcd-be1e-46bf-807a-f393e6f1bef2.jpg
130,,https://comic.naver.com/webtoon/list?titleId=759923&weekday=tue,https://shared-comic.pstatic.net/thumb/webtoon/759923/thumbnail/thumbnail_IMAG10_c7fec612-52af-425a-9ed6-c6d1c8fcb083.jpg
131,,https://comic.naver.com/webtoon/list?titleId=769987&weekday=tue,https://shared-comic.pstatic.net/thumb/webtoon/769987/thumbnail/thumbnail_IMAG10_434658ce-7ea8-496c-a421-4c02cdb37ab6.jpg
132,,https://comic.naver.com/webtoon/list?titleId=771018&weekday=tue,https://shared-comic.pstatic.net/thumb/webtoon/771018/thumbnail/thumbnail_IMAG10_42511c3a-e91b-4946-a345-b4eb716e1e62.jpg
133,,https://comic.naver.com/webtoon/list?titleId=780506&weekday=wed,https://shared-comic.pstatic.net/thumb/webtoon/780506/thumbnail/thumbnail_IMAG10_a15572d1-5bbb-4600-91da-c02f3de845b2.jpg
134,,https://comic.naver.com/webtoon/list?titleId=747269&weekday=wed,https://shared-comic.pstatic.net/thumb/webtoon/747269/thumbnail/thumbnail_IMAG10_55801c29-223f-46a0-a446-2e55d3024e71.jpg
135,,https://comic.naver.com/webtoon/list?titleId=670143&weekday=wed,https://shared-comic.pstatic.net/thumb/webtoon/670143/thumbnail/thumbnail_IMAG10_d2f956f7-2541-4b97-b933-e4aaa2564d14.jpg
136,,https://comic.naver.com/webtoon/list?titleId=774862&weekday=wed,https://shared-comic.pstatic.net/thumb/webtoon/774862/thumbnail/thumbnail_IMAG10_a192356d-8ef5-4e95-94eb-4f71b4ad09e9.jpg
137,,https://comic.naver.com/webtoon/list?titleId=769209&weekday=wed,https://shared-comic.pstatic.net/thumb/webtoon/769209/thumbnail/thumbnail_IMAG10_13ff2e28-686a-42de-890e-9289550978bc.jpg
138,,https://comic.naver.com/webtoon/list?titleId=736744&weekday=wed,https://shared-comic.pstatic.net/thumb/webtoon/736744/thumbnail/thumbnail_IMAG10_52c79b5c-7d5e-48ff-a377-ee247b3134bd.jpg
139,,https://comic.naver.com/webtoon/list?titleId=738694&weekday=wed,https://shared-comic.pstatic.net/thumb/webtoon/738694/thumbnail/thumbnail_IMAG10_728d40b3-1224-4e00-b7a8-d16d9adbe137.jpg
140,,https://comic.naver.com/webtoon/list?titleId=758662&weekday=wed,https://shared-comic.pstatic.net/thumb/webtoon/758662/thumbnail/thumbnail_IMAG10_576bcc2c-ea9e-4f37-8fe2-dc1faed26f10.jpg
141,,https://comic.naver.com/webtoon/list?titleId=749639&weekday=wed,https://shared-comic.pstatic.net/thumb/webtoon/749639/thumbnail/thumbnail_IMAG10_51043632-6c82-4e51-ab7a-5945724f0df8.jpg
142,,https://comic.naver.com/webtoon/list?titleId=717481&weekday=wed,https://shared-comic.pstatic.net/thumb/webtoon/717481/thumbnail/thumbnail_IMAG10_abd208ef-46dd-42ef-942e-df70b9e27386.jpg
143,,https://comic.naver.com/webtoon/list?titleId=780172&weekday=wed,https://shared-comic.pstatic.net/thumb/webtoon/780172/thumbnail/thumbnail_IMAG10_e8a6bd13-89aa-48ab-92e0-b0e5cff5486a.jpg
144,,https://comic.naver.com/webtoon/list?titleId=702672&weekday=wed,https://shared-comic.pstatic.net/thumb/webtoon/702672/thumbnail/thumbnail_IMAG10_fc61362a-daff-4129-a2bf-d821fcff42bf.jpg
145,,https://comic.naver.com/webtoon/list?titleId=738143&weekday=wed,https://shared-comic.pstatic.net/thumb/webtoon/738143/thumbnail/thumbnail_IMAG10_16c4ab06-9875-4e0a-b7d9-94f1e3976b5e.jpg
146,,https://comic.naver.com/webtoon/list?titleId=710747&weekday=wed,https://shared-comic.pstatic.net/thumb/webtoon/710747/thumbnail/thumbnail_IMAG10_62a436dc-7b3e-405a-b143-a7ecf2cd0485.jpg
147,,https://comic.naver.com/webtoon/list?titleId=775141&weekday=wed,https://shared-comic.pstatic.net/thumb/webtoon/775141/thumbnail/thumbnail_IMAG10_c5ad3b9a-8ca8-41c1-8ce6-646c46d6fd17.jpg
148,,https://comic.naver.com/webtoon/list?titleId=773523&weekday=wed,https://shared-comic.pstatic.net/thumb/webtoon/773523/thumbnail/thumbnail_IMAG10_0ace2972-ff78-441e-822f-adcb6c62b0ab.jpg
149,,https://comic.naver.com/webtoon/list?titleId=667573&weekday=wed,https://shared-comic.pstatic.net/thumb/webtoon/667573/thumbnail/thumbnail_IMAG10_71dd6b56-3beb-4c03-82ce-d77cb470c46e.jpg
150,,https://comic.naver.com/webtoon/list?titleId=750184&weekday=wed,https://shared-comic.pstatic.net/thumb/webtoon/750184/thumbnail/thumbnail_IMAG10_113cf716-dc7d-4f97-b6a9-a904b55c0ff4.jpg
151,,https://comic.naver.com/webtoon/list?titleId=732955&weekday=wed,https://shared-comic.pstatic.net/thumb/webtoon/732955/thumbnail/thumbnail_IMAG10_404a37ed-7552-41bb-8138-3ea97cc7bb03.jpg
152,,https://comic.naver.com/webtoon/list?titleId=748535&weekday=wed,https://shared-comic.pstatic.net/thumb/webtoon/748535/thumbnail/thumbnail_IMAG10_8c455d23-9049-476c-957c-8b3609d20441.jpg
153,,https://comic.naver.com/webtoon/list?titleId=761498&weekday=wed,https://shared-comic.pstatic.net/thumb/webtoon/761498/thumbnail/thumbnail_IMAG10_4d93ca19-d111-4c72-be78-4a1048c59185.jpg
154,,https://comic.naver.com/webtoon/list?titleId=750826&weekday=wed,https://shared-comic.pstatic.net/thumb/webtoon/750826/thumbnail/thumbnail_IMAG10_ffc8691b-a61c-42e5-9bce-51aac85e447c.jpg
155,,https://comic.naver.com/webtoon/list?titleId=783022&weekday=wed,https://shared-comic.pstatic.net/thumb/webtoon/783022/thumbnail/thumbnail_IMAG10_bb7e0fa9-b8cb-483c-892c-63c2ea007cac.jpg
156,,https://comic.naver.com/webtoon/list?titleId=730425&weekday=wed,https://shared-comic.pstatic.net/thumb/webtoon/730425/thumbnail/thumbnail_IMAG10_1021f165-b14c-480b-bf82-3e9d622472ea.jpg
157,,https://comic.naver.com/webtoon/list?titleId=742105&weekday=wed,https://shared-comic.pstatic.net/thumb/webtoon/742105/thumbnail/thumbnail_IMAG10_82cbc063-7e95-426f-a6f1-138ab7b6c74d.jpg
158,,https://comic.naver.com/webtoon/list?titleId=778747&weekday=wed,https://shared-comic.pstatic.net/thumb/webtoon/778747/thumbnail/thumbnail_IMAG10_e60b1a31-a916-4069-88ae-cc106178a4c7.jpg
159,,https://comic.naver.com/webtoon/list?titleId=748536&weekday=wed,https://shared-comic.pstatic.net/thumb/webtoon/748536/thumbnail/thumbnail_IMAG10_c24eae99-c803-499b-9360-a7fccd63a3c4.jpg
160,,https://comic.naver.com/webtoon/list?titleId=760001&weekday=wed,https://shared-comic.pstatic.net/thumb/webtoon/760001/thumbnail/thumbnail_IMAG10_3656c7b1-966c-4492-9957-a6278aa80294.jpg
161,,https://comic.naver.com/webtoon/list?titleId=728126&weekday=wed,https://shared-comic.pstatic.net/thumb/webtoon/728126/thumbnail/thumbnail_IMAG10_49208c45-8d35-4e1e-b7eb-efca7ff405b9.jpg
162,,https://comic.naver.com/webtoon/list?titleId=718020&weekday=wed,https://shared-comic.pstatic.net/thumb/webtoon/718020/thumbnail/thumbnail_IMAG10_7c551d69-62f1-4869-b365-88f38a70553f.jpg
163,,https://comic.naver.com/webtoon/list?titleId=671421&weekday=wed,https://shared-comic.pstatic.net/thumb/webtoon/671421/thumbnail/thumbnail_IMAG10_a98afd2e-d632-49f3-bdda-42827fff493f.jpg
164,,https://comic.naver.com/webtoon/list?titleId=774088&weekday=wed,https://shared-comic.pstatic.net/thumb/webtoon/774088/thumbnail/thumbnail_IMAG10_c058d5ab-0795-4ab7-bda5-9e00df0e4793.jpg
165,,https://comic.naver.com/webtoon/list?titleId=733034&weekday=wed,https://shared-comic.pstatic.net/thumb/webtoon/733034/thumbnail/thumbnail_IMAG10_d1e2247e-2611-43cd-a18f-ad2f8d5127bc.jpg
166,,https://comic.naver.com/webtoon/list?titleId=775690&weekday=wed,https://shared-comic.pstatic.net/thumb/webtoon/775690/thumbnail/thumbnail_IMAG10_7160a8cc-675a-4177-8286-aa2e2e3405c2.jpg
167,,https://comic.naver.com/webtoon/list?titleId=765158&weekday=wed,https://shared-comic.pstatic.net/thumb/webtoon/765158/thumbnail/thumbnail_IMAG10_3376b6f5-3525-4bb0-ac80-8a3bf93c1b58.jpg
168,,https://comic.naver.com/webtoon/list?titleId=725829&weekday=wed,https://shared-comic.pstatic.net/thumb/webtoon/725829/thumbnail/thumbnail_IMAG10_b7460a77-7be4-46c4-b3da-36655b868736.jpg
169,,https://comic.naver.com/webtoon/list?titleId=752533&weekday=wed,https://shared-comic.pstatic.net/thumb/webtoon/752533/thumbnail/thumbnail_IMAG10_9fd5790c-8a67-44d5-8f50-8e8eac2b8fbd.jpg
170,,https://comic.naver.com/webtoon/list?titleId=770524&weekday=wed,https://shared-comic.pstatic.net/thumb/webtoon/770524/thumbnail/thumbnail_IMAG10_54264f50-b2b4-4550-ad20-46dabe46af22.jpg
171,,https://comic.naver.com/webtoon/list?titleId=750558&weekday=wed,https://shared-comic.pstatic.net/thumb/webtoon/750558/thumbnail/thumbnail_IMAG10_b958aaec-eff0-4cd7-b11b-3ad6237408e7.jpg
172,,https://comic.naver.com/webtoon/list?titleId=779446&weekday=wed,https://shared-comic.pstatic.net/thumb/webtoon/779446/thumbnail/thumbnail_IMAG10_ad4b08a8-6ae6-4e05-a7cf-252a031bad2a.jpg
173,,https://comic.naver.com/webtoon/list?titleId=780137&weekday=wed,https://shared-comic.pstatic.net/thumb/webtoon/780137/thumbnail/thumbnail_IMAG10_7a9d10c3-adde-49d5-a84f-0213a731b361.jpg
174,,https://comic.naver.com/webtoon/list?titleId=602916&weekday=wed,https://shared-comic.pstatic.net/thumb/webtoon/602916/thumbnail/thumbnail_IMAG10_4eff217c-c0f3-4272-aeef-aa6783a0cb3a.jpg
175,,https://comic.naver.com/webtoon/list?titleId=755668&weekday=wed,https://shared-comic.pstatic.net/thumb/webtoon/755668/thumbnail/thumbnail_IMAG10_cb3fb035-146c-4754-af7d-7f9aba1d19b8.jpg
176,,https://comic.naver.com/webtoon/list?titleId=735979&weekday=wed,https://shared-comic.pstatic.net/thumb/webtoon/735979/thumbnail/thumbnail_IMAG10_e102a4c4-00ab-4d86-bbc2-089a1fc349cd.jpg
177,,https://comic.naver.com/webtoon/list?titleId=760002&weekday=wed,https://shared-comic.pstatic.net/thumb/webtoon/760002/thumbnail/thumbnail_IMAG10_4e41a674-f995-462a-bd19-bcaf0157299e.jpg
178,,https://comic.naver.com/webtoon/list?titleId=780253&weekday=wed,https://shared-comic.pstatic.net/thumb/webtoon/780253/thumbnail/thumbnail_IMAG10_632dcdf8-8bbf-4b28-a558-5b41cd2981be.jpg
179,,https://comic.naver.com/webtoon/list?titleId=745589&weekday=wed,https://shared-comic.pstatic.net/thumb/webtoon/745589/thumbnail/thumbnail_IMAG10_2ca10058-1492-42c0-83a2-b16732dd825b.jpg
180,,https://comic.naver.com/webtoon/list?titleId=755758&weekday=wed,https://shared-comic.pstatic.net/thumb/webtoon/755758/thumbnail/thumbnail_IMAG10_eac6de0a-c9ba-446b-8527-e03f45aa42f7.jpg
181,,https://comic.naver.com/webtoon/list?titleId=771718&weekday=wed,https://shared-comic.pstatic.net/thumb/webtoon/771718/thumbnail/thumbnail_IMAG10_93453b20-70be-4431-adf0-5caaa15b57bb.jpg
182,,https://comic.naver.com/webtoon/list?titleId=773187&weekday=wed,https://shared-comic.pstatic.net/thumb/webtoon/773187/thumbnail/thumbnail_IMAG10_3719ae3a-2274-4974-a725-986f35ba1fda.jpg
183,,https://comic.naver.com/webtoon/list?titleId=777194&weekday=wed,https://shared-comic.pstatic.net/thumb/webtoon/777194/thumbnail/thumbnail_IMAG10_6448551b-ecdf-4b1e-8957-dabd80748cd8.jpg
184,,https://comic.naver.com/webtoon/list?titleId=772729&weekday=wed,https://shared-comic.pstatic.net/thumb/webtoon/772729/thumbnail/thumbnail_IMAG10_6c1af2f2-91ae-4e34-a310-712c0af5c893.jpg
185,,https://comic.naver.com/webtoon/list?titleId=774853&weekday=wed,https://shared-comic.pstatic.net/thumb/webtoon/774853/thumbnail/thumbnail_IMAG10_09d82455-4f86-40cf-91fb-2b6fd284cba6.jpg
186,,https://comic.naver.com/webtoon/list?titleId=763851&weekday=wed,https://shared-comic.pstatic.net/thumb/webtoon/763851/thumbnail/thumbnail_IMAG10_58c4f59b-61ac-4e75-adad-0def86eacdbf.jpg
187,,https://comic.naver.com/webtoon/list?titleId=735254&weekday=wed,https://shared-comic.pstatic.net/thumb/webtoon/735254/thumbnail/thumbnail_IMAG10_9d59e2a7-e4d6-4ccd-af1a-ee059a863b29.jpg
188,,https://comic.naver.com/webtoon/list?titleId=751642&weekday=wed,https://shared-comic.pstatic.net/thumb/webtoon/751642/thumbnail/thumbnail_IMAG10_64016aa3-d684-4d4d-926f-84b372bb92fd.jpg
189,,https://comic.naver.com/webtoon/list?titleId=758670&weekday=wed,https://shared-comic.pstatic.net/thumb/webtoon/758670/thumbnail/thumbnail_IMAG10_05b449a1-c177-4340-9eea-f8b17e53f8e1.jpg
190,,https://comic.naver.com/webtoon/list?titleId=739113&weekday=wed,https://shared-comic.pstatic.net/thumb/webtoon/739113/thumbnail/thumbnail_IMAG10_3ee7a2ba-0e2c-4518-8be8-55adff767e9f.jpg
191,,https://comic.naver.com/webtoon/list?titleId=770844&weekday=wed,https://shared-comic.pstatic.net/thumb/webtoon/770844/thumbnail/thumbnail_IMAG10_fc438ac0-aea6-451b-b39a-5fc6e11b3dae.jpg
192,,https://comic.naver.com/webtoon/list?titleId=740481&weekday=wed,https://shared-comic.pstatic.net/thumb/webtoon/740481/thumbnail/thumbnail_IMAG10_c0e7a7c6-d2cf-448f-9a2b-db148647d61f.jpg
193,,https://comic.naver.com/webtoon/list?titleId=768466&weekday=wed,https://shared-comic.pstatic.net/thumb/webtoon/768466/thumbnail/thumbnail_IMAG10_a7da2ff4-f7f1-4f1f-9c04-66e613ce143e.jpg
194,,https://comic.naver.com/webtoon/list?titleId=736699&weekday=wed,https://shared-comic.pstatic.net/thumb/webtoon/736699/thumbnail/thumbnail_IMAG10_948c361c-8571-4c45-9562-e2181f1c5bef.jpg
195,,https://comic.naver.com/webtoon/list?titleId=762786&weekday=wed,https://shared-comic.pstatic.net/thumb/webtoon/762786/thumbnail/thumbnail_IMAG10_70ce1f46-883b-4f7a-9da5-d2d5de7a865b.jpg
196,,https://comic.naver.com/webtoon/list?titleId=774039&weekday=wed,https://shared-comic.pstatic.net/thumb/webtoon/774039/thumbnail/thumbnail_IMAG10_79864938-fa03-4980-b37b-1455b06cf860.jpg
197,,https://comic.naver.com/webtoon/list?titleId=756606&weekday=wed,https://shared-comic.pstatic.net/thumb/webtoon/756606/thumbnail/thumbnail_IMAG10_bff93f0d-becf-493f-aed3-02586a5b0572.jpg
198,,https://comic.naver.com/webtoon/list?titleId=748105&weekday=thu,https://shared-comic.pstatic.net/thumb/webtoon/748105/thumbnail/thumbnail_IMAG10_becd3e24-cc09-4243-a1c9-646270f4a8db.jpg
199,,https://comic.naver.com/webtoon/list?titleId=736989&weekday=thu,https://shared-comic.pstatic.net/thumb/webtoon/736989/thumbnail/thumbnail_IMAG10_dc639e95-a787-49bd-9bb6-b835909a764d.jpg
200,,https://comic.naver.com/webtoon/list?titleId=570503&weekday=thu,https://shared-comic.pstatic.net/thumb/webtoon/570503/thumbnail/thumbnail_IMAG10_023d23be-91f9-46c5-a1ff-152d6238e892.jpg
201,,https://comic.naver.com/webtoon/list?titleId=557672&weekday=thu,https://shared-comic.pstatic.net/thumb/webtoon/557672/thumbnail/thumbnail_IMAG10_d05c81ab-ea19-473b-818f-3aceb657ae1e.jpg
202,,https://comic.naver.com/webtoon/list?titleId=747271&weekday=thu,https://shared-comic.pstatic.net/thumb/webtoon/747271/thumbnail/thumbnail_IMAG10_7c3982bf-08aa-435c-a2bd-f89388956d0c.jpg
203,,https://comic.naver.com/webtoon/list?titleId=731130&weekday=thu,https://shared-comic.pstatic.net/thumb/webtoon/731130/thumbnail/thumbnail_IMAG10_0f5fa6cc-3d7c-4e20-a42d-60b32de309e5.jpg
204,,https://comic.naver.com/webtoon/list?titleId=780170&weekday=thu,https://shared-comic.pstatic.net/thumb/webtoon/780170/thumbnail/thumbnail_IMAG10_515ac2c3-ba65-43bf-9680-3e9cf6d81cbc.jpg
205,,https://comic.naver.com/webtoon/list?titleId=775218&weekday=thu,https://shared-comic.pstatic.net/thumb/webtoon/775218/thumbnail/thumbnail_IMAG10_0cb18991-4633-4d22-ba7b-6fd0d458a546.jpg
206,,https://comic.naver.com/webtoon/list?titleId=773417&weekday=thu,https://shared-comic.pstatic.net/thumb/webtoon/773417/thumbnail/thumbnail_IMAG10_4ce06217-a6a3-4a9e-8988-8a1347651f1e.jpg
207,,https://comic.naver.com/webtoon/list?titleId=756137&weekday=thu,https://shared-comic.pstatic.net/thumb/webtoon/756137/thumbnail/thumbnail_IMAG10_64143a9b-dfdb-4f2e-878d-5f3453a82475.jpg
208,,https://comic.naver.com/webtoon/list?titleId=739503&weekday=thu,https://shared-comic.pstatic.net/thumb/webtoon/739503/thumbnail/thumbnail_IMAG10_f515191d-adb2-466c-b014-66b276d8b471.jpg
209,,https://comic.naver.com/webtoon/list?titleId=762279&weekday=thu,https://shared-comic.pstatic.net/thumb/webtoon/762279/thumbnail/thumbnail_IMAG10_7eca3c20-7c36-49b7-a7af-af933e9c8c09.jpg
210,,https://comic.naver.com/webtoon/list?titleId=746857&weekday=thu,https://shared-comic.pstatic.net/thumb/webtoon/746857/thumbnail/thumbnail_IMAG10_0e5a96ba-ee85-4de9-9996-b59852281617.jpg
211,,https://comic.naver.com/webtoon/list?titleId=776255&weekday=thu,https://shared-comic.pstatic.net/thumb/webtoon/776255/thumbnail/thumbnail_IMAG10_56b3ed9f-2773-46d3-b65f-07e5b070f66a.jpg
212,,https://comic.naver.com/webtoon/list?titleId=727798&weekday=thu,https://shared-comic.pstatic.net/thumb/webtoon/727798/thumbnail/thumbnail_IMAG10_18981b01-c819-4685-8db2-4353a2b9bd54.jpg
213,,https://comic.naver.com/webtoon/list?titleId=758659&weekday=thu,https://shared-comic.pstatic.net/thumb/webtoon/758659/thumbnail/thumbnail_IMAG10_fe96051e-237c-4e03-8467-cb4a88803983.jpg
214,,https://comic.naver.com/webtoon/list?titleId=710761&weekday=thu,https://shared-comic.pstatic.net/thumb/webtoon/710761/thumbnail/thumbnail_IMAG10_9f8253a1-2318-4c0d-8d9e-f044f2203d4c.jpg
215,,https://comic.naver.com/webtoon/list?titleId=758439&weekday=thu,https://shared-comic.pstatic.net/thumb/webtoon/758439/thumbnail/thumbnail_IMAG10_08abada1-ebb5-41cc-a28e-e3a71a422202.jpg
216,,https://comic.naver.com/webtoon/list?titleId=741825&weekday=thu,https://shared-comic.pstatic.net/thumb/webtoon/741825/thumbnail/thumbnail_IMAG10_2cb48835-dbbb-429c-b391-91a57775717e.jpg
217,,https://comic.naver.com/webtoon/list?titleId=131385&weekday=thu,https://shared-comic.pstatic.net/thumb/webtoon/131385/thumbnail/thumbnail_IMAG10_c5053bcc-3b95-473d-bfe1-e4256bf56b58.jpg
218,,https://comic.naver.com/webtoon/list?titleId=701700&weekday=thu,https://shared-comic.pstatic.net/thumb/webtoon/701700/thumbnail/thumbnail_IMAG10_91d1c77b-9ad9-43ce-8299-ed986700c65a.jpg
219,,https://comic.naver.com/webtoon/list?titleId=780191&weekday=thu,https://shared-comic.pstatic.net/thumb/webtoon/780191/thumbnail/thumbnail_IMAG10_7f64859b-d943-46ec-a8a5-0364456dc527.jpg
220,,https://comic.naver.com/webtoon/list?titleId=570506&weekday=thu,https://shared-comic.pstatic.net/thumb/webtoon/570506/thumbnail/title_thumbnail_20130710192300_t83x90.jpg
221,,https://comic.naver.com/webtoon/list?titleId=748831&weekday=thu,https://shared-comic.pstatic.net/thumb/webtoon/748831/thumbnail/thumbnail_IMAG10_2bb9343e-111f-4cc7-a9dd-c6a5ad7d83d1.jpg
222,,https://comic.naver.com/webtoon/list?titleId=776668&weekday=thu,https://shared-comic.pstatic.net/thumb/webtoon/776668/thumbnail/thumbnail_IMAG10_25ae10ba-278d-4502-8b6d-e764f683d8e2.jpg
223,,https://comic.naver.com/webtoon/list?titleId=770523&weekday=thu,https://shared-comic.pstatic.net/thumb/webtoon/770523/thumbnail/thumbnail_IMAG10_1487472a-7381-4bdb-ad7e-81b8e48d6d96.jpg
224,,https://comic.naver.com/webtoon/list?titleId=716857&weekday=thu,https://shared-comic.pstatic.net/thumb/webtoon/716857/thumbnail/thumbnail_IMAG10_fb5f2776-982c-4891-b844-e617a907d5c9.jpg
225,,https://comic.naver.com/webtoon/list?titleId=768468&weekday=thu,https://shared-comic.pstatic.net/thumb/webtoon/768468/thumbnail/thumbnail_IMAG10_0868e7eb-c0b1-479d-8f20-a9086a42b8a3.jpg
226,,https://comic.naver.com/webtoon/list?titleId=748069&weekday=thu,https://shared-comic.pstatic.net/thumb/webtoon/748069/thumbnail/thumbnail_IMAG10_c22837d5-e27f-497d-a282-7baa796ee87c.jpg
227,,https://comic.naver.com/webtoon/list?titleId=783117&weekday=thu,https://shared-comic.pstatic.net/thumb/webtoon/783117/thumbnail/thumbnail_IMAG10_7d7f8c99-cb06-4048-92f2-8ef088959afb.jpg
228,,https://comic.naver.com/webtoon/list?titleId=729964&weekday=thu,https://shared-comic.pstatic.net/thumb/webtoon/729964/thumbnail/thumbnail_IMAG10_8935ee89-7619-4466-abf6-b6c4d6e6f734.jpg
229,,https://comic.naver.com/webtoon/list?titleId=775631&weekday=thu,https://shared-comic.pstatic.net/thumb/webtoon/775631/thumbnail/thumbnail_IMAG10_b3ef9f8f-dc07-4169-84c1-f4dc855fb2f7.jpg
230,,https://comic.naver.com/webtoon/list?titleId=753222&weekday=thu,https://shared-comic.pstatic.net/thumb/webtoon/753222/thumbnail/thumbnail_IMAG10_c81cfc5e-6a3c-4dc1-9975-42fc87cbff82.jpg
231,,https://comic.naver.com/webtoon/list?titleId=731930&weekday=thu,https://shared-comic.pstatic.net/thumb/webtoon/731930/thumbnail/thumbnail_IMAG10_0217e232-d198-4562-b80a-495e711c2aea.jpg
232,,https://comic.naver.com/webtoon/list?titleId=766503&weekday=thu,https://shared-comic.pstatic.net/thumb/webtoon/766503/thumbnail/thumbnail_IMAG10_4f8347aa-c69f-4d1f-a294-6d68e2510fd6.jpg
233,,https://comic.naver.com/webtoon/list?titleId=780990&weekday=thu,https://shared-comic.pstatic.net/thumb/webtoon/780990/thumbnail/thumbnail_IMAG10_6da23f36-06a2-47de-bb6c-bf9d7884c0f0.jpg
234,,https://comic.naver.com/webtoon/list?titleId=768534&weekday=thu,https://shared-comic.pstatic.net/thumb/webtoon/768534/thumbnail/thumbnail_IMAG10_aa734331-7228-4c02-9276-fbb7fcd27ef8.jpg
235,,https://comic.naver.com/webtoon/list?titleId=776655&weekday=thu,https://shared-comic.pstatic.net/thumb/webtoon/776655/thumbnail/thumbnail_IMAG10_485c3a9c-39b6-4c61-9e6e-c2c28af714c6.jpg
236,,https://comic.naver.com/webtoon/list?titleId=778707&weekday=thu,https://shared-comic.pstatic.net/thumb/webtoon/778707/thumbnail/thumbnail_IMAG10_f5e51765-44af-4ecc-8d09-3659287a20f4.jpg
237,,https://comic.naver.com/webtoon/list?titleId=733033&weekday=thu,https://shared-comic.pstatic.net/thumb/webtoon/733033/thumbnail/thumbnail_IMAG10_d7d0a0fb-b5e8-447c-82d5-bb4c0d73e843.jpg
238,,https://comic.naver.com/webtoon/list?titleId=771912&weekday=thu,https://shared-comic.pstatic.net/thumb/webtoon/771912/thumbnail/thumbnail_IMAG10_5a168e10-f887-4735-bfbb-7738387f0f38.jpg
239,,https://comic.naver.com/webtoon/list?titleId=770873&weekday=thu,https://shared-comic.pstatic.net/thumb/webtoon/770873/thumbnail/thumbnail_IMAG10_28d1439c-da98-4936-922e-a0067e1a7cd6.jpg
240,,https://comic.naver.com/webtoon/list?titleId=770015&weekday=thu,https://shared-comic.pstatic.net/thumb/webtoon/770015/thumbnail/thumbnail_IMAG10_ab138a88-00e1-4b28-b65d-4456f311aac4.jpg
241,,https://comic.naver.com/webtoon/list?titleId=776542&weekday=thu,https://shared-comic.pstatic.net/thumb/webtoon/776542/thumbnail/thumbnail_IMAG10_6df97693-b779-489b-8238-747689fa9e41.jpg
242,,https://comic.naver.com/webtoon/list?titleId=742351&weekday=thu,https://shared-comic.pstatic.net/thumb/webtoon/742351/thumbnail/thumbnail_IMAG10_9c229d55-35b1-46c0-beb3-ecc7167addc4.jpg
243,,https://comic.naver.com/webtoon/list?titleId=765322&weekday=thu,https://shared-comic.pstatic.net/thumb/webtoon/765322/thumbnail/thumbnail_IMAG10_37907656-fba7-481d-84cc-7d804d0e14b6.jpg
244,,https://comic.naver.com/webtoon/list?titleId=758678&weekday=thu,https://shared-comic.pstatic.net/thumb/webtoon/758678/thumbnail/thumbnail_IMAG10_03ebb3b9-d4f1-4b5a-a96b-ac9973197272.jpg
245,,https://comic.naver.com/webtoon/list?titleId=777830&weekday=thu,https://shared-comic.pstatic.net/thumb/webtoon/777830/thumbnail/thumbnail_IMAG10_e00766c5-fa84-4794-92a2-3b60172f3b46.jpg
246,,https://comic.naver.com/webtoon/list?titleId=743270&weekday=thu,https://shared-comic.pstatic.net/thumb/webtoon/743270/thumbnail/thumbnail_IMAG10_dc66ec8f-7971-4db2-9bdd-6162a67dd7f5.jpg
247,,https://comic.naver.com/webtoon/list?titleId=762035&weekday=thu,https://shared-comic.pstatic.net/thumb/webtoon/762035/thumbnail/thumbnail_IMAG10_1ba3eada-ce8b-4913-a3d3-a34b40b108fc.jpg
248,,https://comic.naver.com/webtoon/list?titleId=762781&weekday=thu,https://shared-comic.pstatic.net/thumb/webtoon/762781/thumbnail/thumbnail_IMAG10_e80d1b5c-bd28-4afb-98c2-aa89578720da.jpg
249,,https://comic.naver.com/webtoon/list?titleId=758673&weekday=thu,https://shared-comic.pstatic.net/thumb/webtoon/758673/thumbnail/thumbnail_IMAG10_2d7f467a-5ba9-4cba-99ec-30186230110c.jpg
250,,https://comic.naver.com/webtoon/list?titleId=733076&weekday=thu,https://shared-comic.pstatic.net/thumb/webtoon/733076/thumbnail/thumbnail_IMAG10_ef245f1b-680c-4aba-b6bb-e31902e4c2b9.jpg
251,,https://comic.naver.com/webtoon/list?titleId=774451&weekday=thu,https://shared-comic.pstatic.net/thumb/webtoon/774451/thumbnail/thumbnail_IMAG10_da2528f4-1481-453e-afd8-49d10c255b3e.jpg
252,,https://comic.naver.com/webtoon/list?titleId=771720&weekday=thu,https://shared-comic.pstatic.net/thumb/webtoon/771720/thumbnail/thumbnail_IMAG10_7911f306-6306-4ede-b84e-3580e6fef13b.jpg
253,,https://comic.naver.com/webtoon/list?titleId=758661&weekday=thu,https://shared-comic.pstatic.net/thumb/webtoon/758661/thumbnail/thumbnail_IMAG10_3faf68b4-8419-4cc5-9f39-badea2abc1c5.jpg
254,,https://comic.naver.com/webtoon/list?titleId=774924&weekday=thu,https://shared-comic.pstatic.net/thumb/webtoon/774924/thumbnail/thumbnail_IMAG10_2abffbd4-a9e6-4a51-bbcc-b76124ab2a9a.jpg
255,,https://comic.naver.com/webtoon/list?titleId=772691&weekday=thu,https://shared-comic.pstatic.net/thumb/webtoon/772691/thumbnail/thumbnail_IMAG10_f775f11b-944c-487c-ad43-583edfb1ba6e.jpg
256,,https://comic.naver.com/webtoon/list?titleId=769662&weekday=thu,https://shared-comic.pstatic.net/thumb/webtoon/769662/thumbnail/thumbnail_IMAG10_d05dcdae-8b51-41d8-8e95-d1a172936e0f.jpg
257,,https://comic.naver.com/webtoon/list?titleId=745472&weekday=thu,https://shared-comic.pstatic.net/thumb/webtoon/745472/thumbnail/thumbnail_IMAG10_ff63bf75-5a38-4f60-970a-9541435c7e9e.jpg
258,,https://comic.naver.com/webtoon/list?titleId=776790&weekday=thu,https://shared-comic.pstatic.net/thumb/webtoon/776790/thumbnail/thumbnail_IMAG10_2a9a37f1-b033-4168-8673-5a15220e5aa2.jpg
259,,https://comic.naver.com/webtoon/list?titleId=772192&weekday=thu,https://shared-comic.pstatic.net/thumb/webtoon/772192/thumbnail/thumbnail_IMAG10_b767cf6c-c2de-4752-ba9c-93a6a54fefa6.jpg
260,,https://comic.naver.com/webtoon/list?titleId=754876&weekday=thu,https://shared-comic.pstatic.net/thumb/webtoon/754876/thumbnail/thumbnail_IMAG10_92cf9f87-01e2-45ef-9363-d8105cbfe251.jpg
261,,https://comic.naver.com/webtoon/list?titleId=768471&weekday=thu,https://shared-comic.pstatic.net/thumb/webtoon/768471/thumbnail/thumbnail_IMAG10_10173825-a9fb-4628-a269-a5c2234d733f.jpg
262,,https://comic.naver.com/webtoon/list?titleId=771717&weekday=thu,https://shared-comic.pstatic.net/thumb/webtoon/771717/thumbnail/thumbnail_IMAG10_80ee4549-807a-45ff-8d5e-4ee1281cdf93.jpg
263,,https://comic.naver.com/webtoon/list?titleId=751993&weekday=thu,https://shared-comic.pstatic.net/thumb/webtoon/751993/thumbnail/thumbnail_IMAG10_b369a138-95fe-43de-879d-61061000c6d0.jpg
264,,https://comic.naver.com/webtoon/list?titleId=759475&weekday=thu,https://shared-comic.pstatic.net/thumb/webtoon/759475/thumbnail/thumbnail_IMAG10_2c074594-aa67-46b4-889b-5bf7509e95b6.jpg
265,,https://comic.naver.com/webtoon/list?titleId=771985&weekday=thu,https://shared-comic.pstatic.net/thumb/webtoon/771985/thumbnail/thumbnail_IMAG10_8eee56c0-ad7f-42d9-b019-ebd36f939920.jpg
266,,https://comic.naver.com/webtoon/list?titleId=780506&weekday=fri,https://shared-comic.pstatic.net/thumb/webtoon/780506/thumbnail/thumbnail_IMAG10_a15572d1-5bbb-4600-91da-c02f3de845b2.jpg
267,,https://comic.naver.com/webtoon/list?titleId=641253&weekday=fri,https://shared-comic.pstatic.net/thumb/webtoon/641253/thumbnail/thumbnail_IMAG10_d4d1a799-d193-4e5a-9b46-6dffcead862a.jpg
268,,https://comic.naver.com/webtoon/list?titleId=773797&weekday=fri,https://shared-comic.pstatic.net/thumb/webtoon/773797/thumbnail/thumbnail_IMAG10_47682705-9b27-4d0e-a8dc-33f57dfe8667.jpg
269,,https://comic.naver.com/webtoon/list?titleId=753478&weekday=fri,https://shared-comic.pstatic.net/thumb/webtoon/753478/thumbnail/thumbnail_IMAG10_cc45f936-25b1-4656-bdcb-6aa9d83719da.jpg
270,,https://comic.naver.com/webtoon/list?titleId=725586&weekday=fri,https://shared-comic.pstatic.net/thumb/webtoon/725586/thumbnail/thumbnail_IMAG10_eecb5b16-4877-435d-9efc-7da97de11113.jpg
271,,https://comic.naver.com/webtoon/list?titleId=776601&weekday=fri,https://shared-comic.pstatic.net/thumb/webtoon/776601/thumbnail/thumbnail_IMAG10_9a5f99ba-6641-4882-b1f3-8c6b606204be.jpg
272,,https://comic.naver.com/webtoon/list?titleId=712362&weekday=fri,https://shared-comic.pstatic.net/thumb/webtoon/712362/thumbnail/thumbnail_IMAG10_9f6d72bc-7d94-4072-89de-26806164c7b3.jpg
273,,https://comic.naver.com/webtoon/list?titleId=781354&weekday=fri,https://shared-comic.pstatic.net/thumb/webtoon/781354/thumbnail/thumbnail_IMAG10_5d9c37e1-54bf-4e5a-87aa-7a0f06d36d66.jpg
274,,https://comic.naver.com/webtoon/list?titleId=772764&weekday=fri,https://shared-comic.pstatic.net/thumb/webtoon/772764/thumbnail/thumbnail_IMAG10_21a11da4-78cd-4f99-9881-4b7afc51c05e.jpg
275,,https://comic.naver.com/webtoon/list?titleId=777515&weekday=fri,https://shared-comic.pstatic.net/thumb/webtoon/777515/thumbnail/thumbnail_IMAG10_7e4461d3-6dc7-4b4c-b9d4-22e100acde9e.jpg
276,,https://comic.naver.com/webtoon/list?titleId=746534&weekday=fri,https://shared-comic.pstatic.net/thumb/webtoon/746534/thumbnail/thumbnail_IMAG10_b768e954-c203-4768-b2ff-b877d8aa2157.jpg
277,,https://comic.naver.com/webtoon/list?titleId=773476&weekday=fri,https://shared-comic.pstatic.net/thumb/webtoon/773476/thumbnail/thumbnail_IMAG10_fa2b1e10-a764-46ba-b4a0-b26ba828827a.jpg
278,,https://comic.naver.com/webtoon/list?titleId=761722&weekday=fri,https://shared-comic.pstatic.net/thumb/webtoon/761722/thumbnail/thumbnail_IMAG10_03b1346b-5a0b-40fc-884d-4b1f74c14af4.jpg
279,,https://comic.naver.com/webtoon/list?titleId=552960&weekday=fri,https://shared-comic.pstatic.net/thumb/webtoon/552960/thumbnail/title_thumbnail_20130905153649_t83x90.jpg
280,,https://comic.naver.com/webtoon/list?titleId=735661&weekday=fri,https://shared-comic.pstatic.net/thumb/webtoon/735661/thumbnail/thumbnail_IMAG10_95dbdf89-c88d-40dd-b87c-7ff5b5094646.jpg
281,,https://comic.naver.com/webtoon/list?titleId=700844&weekday=fri,https://shared-comic.pstatic.net/thumb/webtoon/700844/thumbnail/thumbnail_IMAG10_670698b4-24a2-46e1-b5ec-9c7f41881a8e.jpg
282,,https://comic.naver.com/webtoon/list?titleId=759457&weekday=fri,https://shared-comic.pstatic.net/thumb/webtoon/759457/thumbnail/thumbnail_IMAG10_6fc047df-7e7b-4e68-9d3e-c918724388f2.jpg
283,,https://comic.naver.com/webtoon/list?titleId=773916&weekday=fri,https://shared-comic.pstatic.net/thumb/webtoon/773916/thumbnail/thumbnail_IMAG10_f4ccb30a-8b40-4a2d-a1bf-4aefa0a11103.jpg
284,,https://comic.naver.com/webtoon/list?titleId=751168&weekday=fri,https://shared-comic.pstatic.net/thumb/webtoon/751168/thumbnail/thumbnail_IMAG10_05234185-ffa0-4e93-9619-acaa6b75da83.jpg
285,,https://comic.naver.com/webtoon/list?titleId=745876&weekday=fri,https://shared-comic.pstatic.net/thumb/webtoon/745876/thumbnail/thumbnail_IMAG10_8fef7dc3-8a78-4cf9-9e44-4ef6c875875e.jpg
286,,https://comic.naver.com/webtoon/list?titleId=783256&weekday=fri,https://shared-comic.pstatic.net/thumb/webtoon/783256/thumbnail/thumbnail_IMAG10_0eb7e4b2-ae06-4b5a-bb7b-a31cbaf37862.jpg
287,,https://comic.naver.com/webtoon/list?titleId=748534&weekday=fri,https://shared-comic.pstatic.net/thumb/webtoon/748534/thumbnail/thumbnail_IMAG10_935595fa-4bf0-4da2-902c-d033651e3d28.jpg
288,,https://comic.naver.com/webtoon/list?titleId=780008&weekday=fri,https://shared-comic.pstatic.net/thumb/webtoon/780008/thumbnail/thumbnail_IMAG10_a281b9b1-f4e6-4005-848d-eba6760a0436.jpg
289,,https://comic.naver.com/webtoon/list?titleId=765804&weekday=fri,https://shared-comic.pstatic.net/thumb/webtoon/765804/thumbnail/thumbnail_IMAG10_07088e32-0f35-49ff-b978-f63917d121fe.jpg
290,,https://comic.naver.com/webtoon/list?titleId=766563&weekday=fri,https://shared-comic.pstatic.net/thumb/webtoon/766563/thumbnail/thumbnail_IMAG10_82231e8b-6b4f-4237-91b9-b6001eafb349.jpg
291,,https://comic.naver.com/webtoon/list?titleId=764130&weekday=fri,https://shared-comic.pstatic.net/thumb/webtoon/764130/thumbnail/thumbnail_IMAG10_627030e0-4279-4ff6-8498-5b227d4d869c.jpg
292,,https://comic.naver.com/webtoon/list?titleId=780063&weekday=fri,https://shared-comic.pstatic.net/thumb/webtoon/780063/thumbnail/thumbnail_IMAG10_2602d5aa-f820-4773-ba11-568b0fa3bd38.jpg
293,,https://comic.naver.com/webtoon/list?titleId=777272&weekday=fri,https://shared-comic.pstatic.net/thumb/webtoon/777272/thumbnail/thumbnail_IMAG10_21fab1d1-dbca-48f3-8f14-49da0a810db3.jpg
294,,https://comic.naver.com/webtoon/list?titleId=780267&weekday=fri,https://shared-comic.pstatic.net/thumb/webtoon/780267/thumbnail/thumbnail_IMAG10_94577e33-c0e5-4590-8679-d552ecdf33af.jpg
295,,https://comic.naver.com/webtoon/list?titleId=729963&weekday=fri,https://shared-comic.pstatic.net/thumb/webtoon/729963/thumbnail/thumbnail_IMAG10_43c309d8-19f8-4ad6-8ad4-707208fbaeb0.jpg
296,,https://comic.naver.com/webtoon/list?titleId=777767&weekday=fri,https://shared-comic.pstatic.net/thumb/webtoon/777767/thumbnail/thumbnail_IMAG10_04fe5276-ea72-459b-81bd-da73b012c24c.jpg
297,,https://comic.naver.com/webtoon/list?titleId=758675&weekday=fri,https://shared-comic.pstatic.net/thumb/webtoon/758675/thumbnail/thumbnail_IMAG10_6eb1e9a6-c38b-4a88-a81d-8687f99521f1.jpg
298,,https://comic.naver.com/webtoon/list?titleId=724431&weekday=fri,https://shared-comic.pstatic.net/thumb/webtoon/724431/thumbnail/thumbnail_IMAG10_cace8173-9317-474e-bf95-dedf889ce522.jpg
299,,https://comic.naver.com/webtoon/list?titleId=774868&weekday=fri,https://shared-comic.pstatic.net/thumb/webtoon/774868/thumbnail/thumbnail_IMAG10_3bfeac25-5609-4302-b0ab-ad4a16c7abac.jpg
300,,https://comic.naver.com/webtoon/list?titleId=778325&weekday=fri,https://shared-comic.pstatic.net/thumb/webtoon/778325/thumbnail/thumbnail_IMAG10_c2207eed-17d3-4457-9c67-82f7b4a4c7cd.jpg
301,,https://comic.naver.com/webtoon/list?titleId=769210&weekday=fri,https://shared-comic.pstatic.net/thumb/webtoon/769210/thumbnail/thumbnail_IMAG10_4c62e25c-eab7-413b-8b6b-470075b846c2.jpg
302,,https://comic.naver.com/webtoon/list?titleId=732036&weekday=fri,https://shared-comic.pstatic.net/thumb/webtoon/732036/thumbnail/thumbnail_IMAG10_8b515b33-a333-4be4-9d82-fd23d4337378.jpg
303,,https://comic.naver.com/webtoon/list?titleId=765821&weekday=fri,https://shared-comic.pstatic.net/thumb/webtoon/765821/thumbnail/thumbnail_IMAG10_508fede6-60a7-4f46-8973-928a5771b539.jpg
304,,https://comic.naver.com/webtoon/list?titleId=768469&weekday=fri,https://shared-comic.pstatic.net/thumb/webtoon/768469/thumbnail/thumbnail_IMAG10_f2a8a377-e480-4ee6-b7fd-cbeaa75136dd.jpg
305,,https://comic.naver.com/webtoon/list?titleId=749633&weekday=fri,https://shared-comic.pstatic.net/thumb/webtoon/749633/thumbnail/thumbnail_IMAG10_f634f59e-1714-45cd-a7f6-17853daf80b7.jpg
306,,https://comic.naver.com/webtoon/list?titleId=759418&weekday=fri,https://shared-comic.pstatic.net/thumb/webtoon/759418/thumbnail/thumbnail_IMAG10_23004717-bb95-4c26-8986-052aa74646ac.jpg
307,,https://comic.naver.com/webtoon/list?titleId=758660&weekday=fri,https://shared-comic.pstatic.net/thumb/webtoon/758660/thumbnail/thumbnail_IMAG10_5226b90b-6de4-4bdd-9bed-411bc3ecdf1f.jpg
308,,https://comic.naver.com/webtoon/list?titleId=769567&weekday=fri,https://shared-comic.pstatic.net/thumb/webtoon/769567/thumbnail/thumbnail_IMAG10_fe06aec8-eaa4-4a0f-897b-b11d70d2f5bd.jpg
309,,https://comic.naver.com/webtoon/list?titleId=766626&weekday=fri,https://shared-comic.pstatic.net/thumb/webtoon/766626/thumbnail/thumbnail_IMAG10_b4d67898-72d3-4d57-b413-7d8bd0eb7b41.jpg
310,,https://comic.naver.com/webtoon/list?titleId=775140&weekday=fri,https://shared-comic.pstatic.net/thumb/webtoon/775140/thumbnail/thumbnail_IMAG10_3f05ecc4-9b9a-45c5-ba62-0fe80d802a64.jpg
311,,https://comic.naver.com/webtoon/list?titleId=741467&weekday=fri,https://shared-comic.pstatic.net/thumb/webtoon/741467/thumbnail/thumbnail_IMAG10_24734aa1-9ba3-4cbb-bafd-caeb5c3a0097.jpg
312,,https://comic.naver.com/webtoon/list?titleId=772020&weekday=fri,https://shared-comic.pstatic.net/thumb/webtoon/772020/thumbnail/thumbnail_IMAG10_6db10ca2-1620-4bec-b2dd-f421a841d03c.jpg
313,,https://comic.naver.com/webtoon/list?titleId=761496&weekday=fri,https://shared-comic.pstatic.net/thumb/webtoon/761496/thumbnail/thumbnail_IMAG10_42768598-88c0-420e-8b33-fbe12130640c.jpg
314,,https://comic.naver.com/webtoon/list?titleId=768470&weekday=fri,https://shared-comic.pstatic.net/thumb/webtoon/768470/thumbnail/thumbnail_IMAG10_50772fc5-a319-4d36-ad62-b7cc07ecbcd5.jpg
315,,https://comic.naver.com/webtoon/list?titleId=644112&weekday=fri,https://shared-comic.pstatic.net/thumb/webtoon/644112/thumbnail/title_thumbnail_20150105174647_t83x90.jpg
316,,https://comic.naver.com/webtoon/list?titleId=776669&weekday=fri,https://shared-comic.pstatic.net/thumb/webtoon/776669/thumbnail/thumbnail_IMAG10_1242ecfa-21ba-48b5-bded-a2e449457051.jpg
317,,https://comic.naver.com/webtoon/list?titleId=771330&weekday=fri,https://shared-comic.pstatic.net/thumb/webtoon/771330/thumbnail/thumbnail_IMAG10_8f97a7dc-1a1a-4f3a-a66f-38feddf8515b.jpg
318,,https://comic.naver.com/webtoon/list?titleId=764040&weekday=fri,https://shared-comic.pstatic.net/thumb/webtoon/764040/thumbnail/thumbnail_IMAG10_bfd0bfbf-667e-4f37-97db-64fd7ab2798a.jpg
319,,https://comic.naver.com/webtoon/list?titleId=761587&weekday=fri,https://shared-comic.pstatic.net/thumb/webtoon/761587/thumbnail/thumbnail_IMAG10_6302d19c-adc2-456e-a257-2c3e3e1ab61b.jpg
320,,https://comic.naver.com/webtoon/list?titleId=524520&weekday=fri,https://shared-comic.pstatic.net/thumb/webtoon/524520/thumbnail/thumbnail_IMAG10_2d94230a-1466-4eae-a829-3d177e8fb7e8.jpg
321,,https://comic.naver.com/webtoon/list?titleId=769747&weekday=fri,https://shared-comic.pstatic.net/thumb/webtoon/769747/thumbnail/thumbnail_IMAG10_8d458eff-dd80-4b20-84d5-9e4e8ff5e0dd.jpg
322,,https://comic.naver.com/webtoon/list?titleId=751999&weekday=fri,https://shared-comic.pstatic.net/thumb/webtoon/751999/thumbnail/thumbnail_IMAG10_6493e45d-5024-4b2e-836b-9fd5117b2635.jpg
323,,https://comic.naver.com/webtoon/list?titleId=771011&weekday=fri,https://shared-comic.pstatic.net/thumb/webtoon/771011/thumbnail/thumbnail_IMAG10_64fda054-f287-4502-8e1a-ff5cf09f473f.jpg
324,,https://comic.naver.com/webtoon/list?titleId=773475&weekday=fri,https://shared-comic.pstatic.net/thumb/webtoon/773475/thumbnail/thumbnail_IMAG10_04fd9268-2ff1-4e9c-b992-0965a30b74e7.jpg
325,,https://comic.naver.com/webtoon/list?titleId=764165&weekday=fri,https://shared-comic.pstatic.net/thumb/webtoon/764165/thumbnail/thumbnail_IMAG10_ff750037-6c17-46b8-aefa-395f457ff8ae.jpg
326,,https://comic.naver.com/webtoon/list?titleId=739350&weekday=fri,https://shared-comic.pstatic.net/thumb/webtoon/739350/thumbnail/thumbnail_IMAG10_3ea28f5f-ee09-4fc0-8771-30572c72cb05.jpg
327,,https://comic.naver.com/webtoon/list?titleId=755788&weekday=fri,https://shared-comic.pstatic.net/thumb/webtoon/755788/thumbnail/thumbnail_IMAG10_b3c061e2-63d3-4f8a-a0d8-3df52a084030.jpg
328,,https://comic.naver.com/webtoon/list?titleId=777853&weekday=fri,https://shared-comic.pstatic.net/thumb/webtoon/777853/thumbnail/thumbnail_IMAG10_6b7b51f3-3e7c-47e8-abe9-2db32c432fe8.jpg
329,,https://comic.naver.com/webtoon/list?titleId=729036&weekday=fri,https://shared-comic.pstatic.net/thumb/webtoon/729036/thumbnail/thumbnail_IMAG10_8b9ad702-9338-47ed-aaa5-69b70efb281e.jpg
330,,https://comic.naver.com/webtoon/list?titleId=769660&weekday=fri,https://shared-comic.pstatic.net/thumb/webtoon/769660/thumbnail/thumbnail_IMAG10_c6fc99ba-7a21-4ec4-ae1f-9d733dcb89b6.jpg
331,,https://comic.naver.com/webtoon/list?titleId=775334&weekday=fri,https://shared-comic.pstatic.net/thumb/webtoon/775334/thumbnail/thumbnail_IMAG10_87cbc197-780a-44eb-8d3c-25aa7a0642eb.jpg
332,,https://comic.naver.com/webtoon/list?titleId=762777&weekday=fri,https://shared-comic.pstatic.net/thumb/webtoon/762777/thumbnail/thumbnail_IMAG10_2786b230-7585-4c95-80e8-16e8e8fa9f2d.jpg
333,,https://comic.naver.com/webtoon/list?titleId=753806&weekday=fri,https://shared-comic.pstatic.net/thumb/webtoon/753806/thumbnail/thumbnail_IMAG10_328c4831-4ed7-4873-ac73-626f9613f445.jpg
334,,https://comic.naver.com/webtoon/list?titleId=780506&weekday=sat,https://shared-comic.pstatic.net/thumb/webtoon/780506/thumbnail/thumbnail_IMAG10_a15572d1-5bbb-4600-91da-c02f3de845b2.jpg
335,,https://comic.naver.com/webtoon/list?titleId=650305&weekday=sat,https://shared-comic.pstatic.net/thumb/webtoon/650305/thumbnail/title_thumbnail_20161209212128_t83x90.jpg
336,,https://comic.naver.com/webtoon/list?titleId=774862&weekday=sat,https://shared-comic.pstatic.net/thumb/webtoon/774862/thumbnail/thumbnail_IMAG10_a192356d-8ef5-4e95-94eb-4f71b4ad09e9.jpg
337,,https://comic.naver.com/webtoon/list?titleId=597447&weekday=sat,https://shared-comic.pstatic.net/thumb/webtoon/597447/thumbnail/title_thumbnail_20131102162055_t83x90.jpg
338,,https://comic.naver.com/webtoon/list?titleId=775723&weekday=sat,https://shared-comic.pstatic.net/thumb/webtoon/775723/thumbnail/thumbnail_IMAG10_6ffe58e6-e810-4542-a1ed-cdd590fd2459.jpg
339,,https://comic.naver.com/webtoon/list?titleId=727188&weekday=sat,https://shared-comic.pstatic.net/thumb/webtoon/727188/thumbnail/thumbnail_IMAG10_f01cc201-02c6-4a40-8c1a-e3db0c256876.jpg
340,,https://comic.naver.com/webtoon/list?titleId=753509&weekday=sat,https://shared-comic.pstatic.net/thumb/webtoon/753509/thumbnail/thumbnail_IMAG10_ff7c28fa-14c5-4652-b3d7-653169e9b9fb.jpg
341,,https://comic.naver.com/webtoon/list?titleId=730694&weekday=sat,https://shared-comic.pstatic.net/thumb/webtoon/730694/thumbnail/thumbnail_IMAG10_66827cdd-5000-40fb-ace1-96396beccc25.jpg
342,,https://comic.naver.com/webtoon/list?titleId=773796&weekday=sat,https://shared-comic.pstatic.net/thumb/webtoon/773796/thumbnail/thumbnail_IMAG10_be3d1a5c-caea-4809-adff-953027b84999.jpg
343,,https://comic.naver.com/webtoon/list?titleId=772401&weekday=sat,https://shared-comic.pstatic.net/thumb/webtoon/772401/thumbnail/thumbnail_IMAG10_37107ea5-7086-458e-b4f8-2906192ce9b5.jpg
344,,https://comic.naver.com/webtoon/list?titleId=702672&weekday=sat,https://shared-comic.pstatic.net/thumb/webtoon/702672/thumbnail/thumbnail_IMAG10_fc61362a-daff-4129-a2bf-d821fcff42bf.jpg
345,,https://comic.naver.com/webtoon/list?titleId=721948&weekday=sat,https://shared-comic.pstatic.net/thumb/webtoon/721948/thumbnail/thumbnail_IMAG10_72bdf971-8699-4e5e-aea9-e22569ad9437.jpg
346,,https://comic.naver.com/webtoon/list?titleId=774864&weekday=sat,https://shared-comic.pstatic.net/thumb/webtoon/774864/thumbnail/thumbnail_IMAG10_d16faa5d-213e-4951-8271-6fb0138a2f31.jpg
347,,https://comic.naver.com/webtoon/list?titleId=758619&weekday=sat,https://shared-comic.pstatic.net/thumb/webtoon/758619/thumbnail/thumbnail_IMAG10_e00943fb-a374-457d-822a-120f1de5afb3.jpg
348,,https://comic.naver.com/webtoon/list?titleId=616239&weekday=sat,https://shared-comic.pstatic.net/thumb/webtoon/616239/thumbnail/title_thumbnail_20161031214436_t83x90.jpg
349,,https://comic.naver.com/webtoon/list?titleId=64997&weekday=sat,https://shared-comic.pstatic.net/thumb/webtoon/64997/thumbnail/title_thumbnail_20110515001535_t83x90.jpg
350,,https://comic.naver.com/webtoon/list?titleId=776656&weekday=sat,https://shared-comic.pstatic.net/thumb/webtoon/776656/thumbnail/thumbnail_IMAG10_75be3960-a4c0-4cfe-98fb-aef491cad4f8.jpg
351,,https://comic.naver.com/webtoon/list?titleId=769568&weekday=sat,https://shared-comic.pstatic.net/thumb/webtoon/769568/thumbnail/thumbnail_IMAG10_7fc6c51f-7e8b-4c42-92e6-a2106b95a97d.jpg
352,,https://comic.naver.com/webtoon/list?titleId=778580&weekday=sat,https://shared-comic.pstatic.net/thumb/webtoon/778580/thumbnail/thumbnail_IMAG10_8587c2c5-d84f-4cff-866c-99f0b6840c95.jpg
353,,https://comic.naver.com/webtoon/list?titleId=733280&weekday=sat,https://shared-comic.pstatic.net/thumb/webtoon/733280/thumbnail/thumbnail_IMAG10_6e31cdd0-a6be-4929-ac5b-b676997ad8a5.jpg
354,,https://comic.naver.com/webtoon/list?titleId=746834&weekday=sat,https://shared-comic.pstatic.net/thumb/webtoon/746834/thumbnail/thumbnail_IMAG10_b71a44e4-e3dd-4588-be1f-313cfc86162b.jpg
355,,https://comic.naver.com/webtoon/list?titleId=703630&weekday=sat,https://shared-comic.pstatic.net/thumb/webtoon/703630/thumbnail/thumbnail_IMAG10_2d640bb7-e140-4d3f-99c9-207d4442cf5c.jpg
356,,https://comic.naver.com/webtoon/list?titleId=772853&weekday=sat,https://shared-comic.pstatic.net/thumb/webtoon/772853/thumbnail/thumbnail_IMAG10_e6351411-f883-4ea9-89f4-1ab98be99351.jpg
357,,https://comic.naver.com/webtoon/list?titleId=778284&weekday=sat,https://shared-comic.pstatic.net/thumb/webtoon/778284/thumbnail/thumbnail_IMAG10_8a7b1ac5-d69a-42b0-98cd-730e0b2c3b3a.jpg
358,,https://comic.naver.com/webtoon/list?titleId=732021&weekday=sat,https://shared-comic.pstatic.net/thumb/webtoon/732021/thumbnail/thumbnail_IMAG10_4a82584b-2ae5-41f9-bfe2-b4be4083f289.jpg
359,,https://comic.naver.com/webtoon/list?titleId=762277&weekday=sat,https://shared-comic.pstatic.net/thumb/webtoon/762277/thumbnail/thumbnail_IMAG10_302c8626-0e71-46fc-8436-94f28632e9a9.jpg
360,,https://comic.naver.com/webtoon/list?titleId=765157&weekday=sat,https://shared-comic.pstatic.net/thumb/webtoon/765157/thumbnail/thumbnail_IMAG10_cd8edb81-895b-441b-a63f-b29ad5eb04a1.jpg
361,,https://comic.naver.com/webtoon/list?titleId=755559&weekday=sat,https://shared-comic.pstatic.net/thumb/webtoon/755559/thumbnail/thumbnail_IMAG10_50efe96f-a225-4670-bb33-4d3a5e3a4861.jpg
362,,https://comic.naver.com/webtoon/list?titleId=781339&weekday=sat,https://shared-comic.pstatic.net/thumb/webtoon/781339/thumbnail/thumbnail_IMAG10_e1ae8764-cec8-4aec-a51f-e424c0954ff4.jpg
363,,https://comic.naver.com/webtoon/list?titleId=729047&weekday=sat,https://shared-comic.pstatic.net/thumb/webtoon/729047/thumbnail/thumbnail_IMAG10_9a8db8ca-3aab-4176-b88f-442344f9d986.jpg
364,,https://comic.naver.com/webtoon/list?titleId=774869&weekday=sat,https://shared-comic.pstatic.net/thumb/webtoon/774869/thumbnail/thumbnail_IMAG10_259c1267-df6f-478e-a215-9727ab838369.jpg
365,,https://comic.naver.com/webtoon/list?titleId=778968&weekday=sat,https://shared-comic.pstatic.net/thumb/webtoon/778968/thumbnail/thumbnail_IMAG10_37f75494-dfd2-4ad7-a78b-2589f0e4e1c4.jpg
366,,https://comic.naver.com/webtoon/list?titleId=780845&weekday=sat,https://shared-comic.pstatic.net/thumb/webtoon/780845/thumbnail/thumbnail_IMAG10_d65ee131-e420-44b6-b637-24109262587b.jpg
367,,https://comic.naver.com/webtoon/list?titleId=777829&weekday=sat,https://shared-comic.pstatic.net/thumb/webtoon/777829/thumbnail/thumbnail_IMAG10_18e0d733-8fa8-476a-a483-88b28ffed83d.jpg
368,,https://comic.naver.com/webtoon/list?titleId=774043&weekday=sat,https://shared-comic.pstatic.net/thumb/webtoon/774043/thumbnail/thumbnail_IMAG10_d567682a-74b7-48ca-895f-347521d9da4b.jpg
369,,https://comic.naver.com/webtoon/list?titleId=755744&weekday=sat,https://shared-comic.pstatic.net/thumb/webtoon/755744/thumbnail/thumbnail_IMAG10_7e848d16-3de2-4a31-b2f5-db9ab703cabc.jpg
370,,https://comic.naver.com/webtoon/list?titleId=755581&weekday=sat,https://shared-comic.pstatic.net/thumb/webtoon/755581/thumbnail/thumbnail_IMAG10_e7e3fd8d-1776-46a2-97de-08a9413452b0.jpg
371,,https://comic.naver.com/webtoon/list?titleId=774706&weekday=sat,https://shared-comic.pstatic.net/thumb/webtoon/774706/thumbnail/thumbnail_IMAG10_ea151726-0f9a-4f68-9a58-bb2b91edc47a.jpg
372,,https://comic.naver.com/webtoon/list?titleId=739411&weekday=sat,https://shared-comic.pstatic.net/thumb/webtoon/739411/thumbnail/thumbnail_IMAG10_98c520c6-247a-4d01-9fee-f50fa4e3890c.jpg
373,,https://comic.naver.com/webtoon/list?titleId=752340&weekday=sat,https://shared-comic.pstatic.net/thumb/webtoon/752340/thumbnail/thumbnail_IMAG10_0783a139-0d3f-4e21-a321-b2a4cb224492.jpg
374,,https://comic.naver.com/webtoon/list?titleId=774051&weekday=sat,https://shared-comic.pstatic.net/thumb/webtoon/774051/thumbnail/thumbnail_IMAG10_1d9266b8-bdfe-414b-b8f1-756c6c6906b4.jpg
375,,https://comic.naver.com/webtoon/list?titleId=762236&weekday=sat,https://shared-comic.pstatic.net/thumb/webtoon/762236/thumbnail/thumbnail_IMAG10_00e0e8a1-af22-45f6-92cd-7b6f12d4861e.jpg
376,,https://comic.naver.com/webtoon/list?titleId=739127&weekday=sat,https://shared-comic.pstatic.net/thumb/webtoon/739127/thumbnail/thumbnail_IMAG10_184033c9-2452-4428-b2a6-741f3e54a98c.jpg
377,,https://comic.naver.com/webtoon/list?titleId=778579&weekday=sat,https://shared-comic.pstatic.net/thumb/webtoon/778579/thumbnail/thumbnail_IMAG10_a03c7fd7-23a7-4ba6-8c68-e0fdf1675852.jpg
378,,https://comic.naver.com/webtoon/list?titleId=774832&weekday=sat,https://shared-comic.pstatic.net/thumb/webtoon/774832/thumbnail/thumbnail_IMAG10_bf9a4329-8ddf-4e9e-a5ca-b4da9313bfe2.jpg
379,,https://comic.naver.com/webtoon/list?titleId=771065&weekday=sat,https://shared-comic.pstatic.net/thumb/webtoon/771065/thumbnail/thumbnail_IMAG10_3ca259a2-cb79-407a-86e0-d6ef47855b36.jpg
380,,https://comic.naver.com/webtoon/list?titleId=729563&weekday=sat,https://shared-comic.pstatic.net/thumb/webtoon/729563/thumbnail/thumbnail_IMAG10_d497111a-6728-45c2-924e-c2d032650c16.jpg
381,,https://comic.naver.com/webtoon/list?titleId=765470&weekday=sat,https://shared-comic.pstatic.net/thumb/webtoon/765470/thumbnail/thumbnail_IMAG10_ac3b1b22-3046-45ee-acf9-31408cbd0845.jpg
382,,https://comic.naver.com/webtoon/list?titleId=757579&weekday=sat,https://shared-comic.pstatic.net/thumb/webtoon/757579/thumbnail/thumbnail_IMAG10_b1cf47c0-8683-42ee-bb58-dce10af654f4.jpg
383,,https://comic.naver.com/webtoon/list?titleId=770964&weekday=sat,https://shared-comic.pstatic.net/thumb/webtoon/770964/thumbnail/thumbnail_IMAG10_98bbda24-565f-49e2-9237-4f566d374a2d.jpg
384,,https://comic.naver.com/webtoon/list?titleId=733277&weekday=sat,https://shared-comic.pstatic.net/thumb/webtoon/733277/thumbnail/thumbnail_IMAG10_64e26284-ff6c-4998-9025-41a1118d09fd.jpg
385,,https://comic.naver.com/webtoon/list?titleId=761709&weekday=sat,https://shared-comic.pstatic.net/thumb/webtoon/761709/thumbnail/thumbnail_IMAG10_5420fbef-c608-47e3-8a95-373644d017f3.jpg
386,,https://comic.naver.com/webtoon/list?titleId=769802&weekday=sat,https://shared-comic.pstatic.net/thumb/webtoon/769802/thumbnail/thumbnail_IMAG10_f6fe3f2e-61d4-4f6b-8d17-ebc5b62b217d.jpg
387,,https://comic.naver.com/webtoon/list?titleId=764951&weekday=sat,https://shared-comic.pstatic.net/thumb/webtoon/764951/thumbnail/thumbnail_IMAG10_02bf594d-6b70-4ace-8fc5-5e8c44ec9e4b.jpg
388,,https://comic.naver.com/webtoon/list?titleId=764128&weekday=sat,https://shared-comic.pstatic.net/thumb/webtoon/764128/thumbnail/thumbnail_IMAG10_3dcc3a7a-5a75-4187-9930-95490c35cb7a.jpg
389,,https://comic.naver.com/webtoon/list?titleId=774300&weekday=sat,https://shared-comic.pstatic.net/thumb/webtoon/774300/thumbnail/thumbnail_IMAG10_bedfbc49-6157-450e-83ce-da12b478b1b7.jpg
390,,https://comic.naver.com/webtoon/list?titleId=754780&weekday=sat,https://shared-comic.pstatic.net/thumb/webtoon/754780/thumbnail/thumbnail_IMAG10_1ad45649-6de2-45a9-a29b-e9764b061ffb.jpg
391,,https://comic.naver.com/webtoon/list?titleId=748532&weekday=sat,https://shared-comic.pstatic.net/thumb/webtoon/748532/thumbnail/thumbnail_IMAG10_c5cd3943-30b6-43a3-89b2-db27b230ccad.jpg
392,,https://comic.naver.com/webtoon/list?titleId=770019&weekday=sat,https://shared-comic.pstatic.net/thumb/webtoon/770019/thumbnail/thumbnail_IMAG10_2a362375-d7f1-41a8-a521-30cf52de3028.jpg
393,,https://comic.naver.com/webtoon/list?titleId=769193&weekday=sat,https://shared-comic.pstatic.net/thumb/webtoon/769193/thumbnail/thumbnail_IMAG10_3e440bde-7cfd-4217-95f8-579e513519da.jpg
394,,https://comic.naver.com/webtoon/list?titleId=753973&weekday=sat,https://shared-comic.pstatic.net/thumb/webtoon/753973/thumbnail/thumbnail_IMAG10_cc7ab0bf-bc6e-4c2d-b502-3ea928194d32.jpg
395,,https://comic.naver.com/webtoon/list?titleId=756789&weekday=sat,https://shared-comic.pstatic.net/thumb/webtoon/756789/thumbnail/thumbnail_IMAG10_d61c4c67-68c2-44bf-a9e0-df6d3c30fc9a.jpg
396,,https://comic.naver.com/webtoon/list?titleId=776134&weekday=sat,https://shared-comic.pstatic.net/thumb/webtoon/776134/thumbnail/thumbnail_IMAG10_b1a1888d-8d03-4df9-a784-001e08a52c20.jpg
397,,https://comic.naver.com/webtoon/list?titleId=750582&weekday=sat,https://shared-comic.pstatic.net/thumb/webtoon/750582/thumbnail/thumbnail_IMAG10_8ddaafa0-c129-47de-b064-54da7abef9f7.jpg
398,,https://comic.naver.com/webtoon/list?titleId=753304&weekday=sat,https://shared-comic.pstatic.net/thumb/webtoon/753304/thumbnail/thumbnail_IMAG10_f5482d19-f080-4454-abfe-3fd7a9f75e02.jpg
399,,https://comic.naver.com/webtoon/list?titleId=735078&weekday=sat,https://shared-comic.pstatic.net/thumb/webtoon/735078/thumbnail/thumbnail_IMAG10_866423a8-117a-407f-8b6f-9d3d14be3438.jpg
400,,https://comic.naver.com/webtoon/list?titleId=746833&weekday=sat,https://shared-comic.pstatic.net/thumb/webtoon/746833/thumbnail/thumbnail_IMAG10_91acd6ab-2d8c-4e49-8538-5c7e431bd4a7.jpg
401,,https://comic.naver.com/webtoon/list?titleId=748105&weekday=sun,https://shared-comic.pstatic.net/thumb/webtoon/748105/thumbnail/thumbnail_IMAG10_becd3e24-cc09-4243-a1c9-646270f4a8db.jpg
402,,https://comic.naver.com/webtoon/list?titleId=736277&weekday=sun,https://shared-comic.pstatic.net/thumb/webtoon/736277/thumbnail/thumbnail_IMAG10_3ff8475e-6085-4188-a359-920a8801b419.jpg
403,,https://comic.naver.com/webtoon/list?titleId=778322&weekday=sun,https://shared-comic.pstatic.net/thumb/webtoon/778322/thumbnail/thumbnail_IMAG10_5dfe4a90-e373-4a28-9324-b534031083cb.jpg
404,,https://comic.naver.com/webtoon/list?titleId=758150&weekday=sun,https://shared-comic.pstatic.net/thumb/webtoon/758150/thumbnail/thumbnail_IMAG10_c03df7c9-dbf3-4314-8699-04ce77fb4444.jpg
405,,https://comic.naver.com/webtoon/list?titleId=746858&weekday=sun,https://shared-comic.pstatic.net/thumb/webtoon/746858/thumbnail/thumbnail_IMAG10_4568450b-830e-42a2-b088-53a0666fa4fb.jpg
406,,https://comic.naver.com/webtoon/list?titleId=774831&weekday=sun,https://shared-comic.pstatic.net/thumb/webtoon/774831/thumbnail/thumbnail_IMAG10_8e6c777a-e214-427f-b3f9-a75a9116897c.jpg
407,,https://comic.naver.com/webtoon/list?titleId=670152&weekday=sun,https://shared-comic.pstatic.net/thumb/webtoon/670152/thumbnail/title_thumbnail_20160122210643_t83x90.jpg
408,,https://comic.naver.com/webtoon/list?titleId=710751&weekday=sun,https://shared-comic.pstatic.net/thumb/webtoon/710751/thumbnail/thumbnail_IMAG10_f0f51e5a-a2f2-4404-8ace-866ab7fd1af3.jpg
409,,https://comic.naver.com/webtoon/list?titleId=774044&weekday=sun,https://shared-comic.pstatic.net/thumb/webtoon/774044/thumbnail/thumbnail_IMAG10_7e564e71-f824-466a-ae37-9a62192c6fa0.jpg
410,,https://comic.naver.com/webtoon/list?titleId=732955&weekday=sun,https://shared-comic.pstatic.net/thumb/webtoon/732955/thumbnail/thumbnail_IMAG10_404a37ed-7552-41bb-8138-3ea97cc7bb03.jpg
411,,https://comic.naver.com/webtoon/list?titleId=776092&weekday=sun,https://shared-comic.pstatic.net/thumb/webtoon/776092/thumbnail/thumbnail_IMAG10_d8a9c86b-5fa3-4ae6-a735-fad05d44018e.jpg
412,,https://comic.naver.com/webtoon/list?titleId=761104&weekday=sun,https://shared-comic.pstatic.net/thumb/webtoon/761104/thumbnail/thumbnail_IMAG10_20a0c862-dc88-459d-abeb-19971a17a0b8.jpg
413,,https://comic.naver.com/webtoon/list?titleId=751207&weekday=sun,https://shared-comic.pstatic.net/thumb/webtoon/751207/thumbnail/thumbnail_IMAG10_be8bb974-c5a1-414b-93e5-a7895c2b9059.jpg
414,,https://comic.naver.com/webtoon/list?titleId=743838&weekday=sun,https://shared-comic.pstatic.net/thumb/webtoon/743838/thumbnail/thumbnail_IMAG10_74885554-1f99-4d1c-b826-e81a677b907d.jpg
415,,https://comic.naver.com/webtoon/list?titleId=730657&weekday=sun,https://shared-comic.pstatic.net/thumb/webtoon/730657/thumbnail/thumbnail_IMAG10_aef09814-f0ba-4a80-96e7-e2b855974738.jpg
416,,https://comic.naver.com/webtoon/list?titleId=763308&weekday=sun,https://shared-comic.pstatic.net/thumb/webtoon/763308/thumbnail/thumbnail_IMAG10_4e7b1c98-9a35-4f3d-a2d4-47e4632d97a7.jpg
417,,https://comic.naver.com/webtoon/list?titleId=761565&weekday=sun,https://shared-comic.pstatic.net/thumb/webtoon/761565/thumbnail/thumbnail_IMAG10_6395d136-4553-405e-b496-a5fb7b50d69d.jpg
418,,https://comic.naver.com/webtoon/list?titleId=695796&weekday=sun,https://shared-comic.pstatic.net/thumb/webtoon/695796/thumbnail/thumbnail_IMAG10_45196bec-1bff-4b89-8c2d-bd182cea01a9.jpg
419,,https://comic.naver.com/webtoon/list?titleId=769658&weekday=sun,https://shared-comic.pstatic.net/thumb/webtoon/769658/thumbnail/thumbnail_IMAG10_f7de8f44-8312-4382-a6ea-1bf399be0a28.jpg
420,,https://comic.naver.com/webtoon/list?titleId=764129&weekday=sun,https://shared-comic.pstatic.net/thumb/webtoon/764129/thumbnail/thumbnail_IMAG10_a6037df8-d210-452e-a2db-edbbe1f9ac53.jpg
421,,https://comic.naver.com/webtoon/list?titleId=737628&weekday=sun,https://shared-comic.pstatic.net/thumb/webtoon/737628/thumbnail/thumbnail_IMAG10_f4a08d1f-b191-4646-be39-4a59555adfbe.jpg
422,,https://comic.naver.com/webtoon/list?titleId=780995&weekday=sun,https://shared-comic.pstatic.net/thumb/webtoon/780995/thumbnail/thumbnail_IMAG10_7bccd4ca-305f-4469-8297-d56267537576.jpg
423,,https://comic.naver.com/webtoon/list?titleId=728128&weekday=sun,https://shared-comic.pstatic.net/thumb/webtoon/728128/thumbnail/thumbnail_IMAG10_6349dc0e-4eae-4d78-b5ee-a302dc717677.jpg
424,,https://comic.naver.com/webtoon/list?titleId=778578&weekday=sun,https://shared-comic.pstatic.net/thumb/webtoon/778578/thumbnail/thumbnail_IMAG10_3c5df625-094b-4d8c-a5fd-b7985752af0d.jpg
425,,https://comic.naver.com/webtoon/list?titleId=759567&weekday=sun,https://shared-comic.pstatic.net/thumb/webtoon/759567/thumbnail/thumbnail_IMAG10_6cee56e9-d777-4c30-9500-503d6b7a879d.jpg
426,,https://comic.naver.com/webtoon/list?titleId=703844&weekday=sun,https://shared-comic.pstatic.net/thumb/webtoon/703844/thumbnail/thumbnail_IMAG10_066e135a-2899-4b96-8ec1-7c633d616e1f.jpg
427,,https://comic.naver.com/webtoon/list?titleId=755982&weekday=sun,https://shared-comic.pstatic.net/thumb/webtoon/755982/thumbnail/thumbnail_IMAG10_bb315d85-2a9c-4824-a67a-03f728b9c421.jpg
428,,https://comic.naver.com/webtoon/list?titleId=655746&weekday=sun,https://shared-comic.pstatic.net/thumb/webtoon/655746/thumbnail/thumbnail_IMAG10_261e36e7-8e8f-4640-bcf8-31232c5279b4.jpg
429,,https://comic.naver.com/webtoon/list?titleId=750558&weekday=sun,https://shared-comic.pstatic.net/thumb/webtoon/750558/thumbnail/thumbnail_IMAG10_b958aaec-eff0-4cd7-b11b-3ad6237408e7.jpg
430,,https://comic.naver.com/webtoon/list?titleId=774865&weekday=sun,https://shared-comic.pstatic.net/thumb/webtoon/774865/thumbnail/thumbnail_IMAG10_11c817fc-2903-4859-af04-b4666e2101ff.jpg
431,,https://comic.naver.com/webtoon/list?titleId=780409&weekday=sun,https://shared-comic.pstatic.net/thumb/webtoon/780409/thumbnail/thumbnail_IMAG10_36ed244a-9a4a-490a-b129-da78dd4893c6.jpg
432,,https://comic.naver.com/webtoon/list?titleId=733728&weekday=sun,https://shared-comic.pstatic.net/thumb/webtoon/733728/thumbnail/thumbnail_IMAG10_7a59a85d-9d48-4564-8c78-4c96a0be92d9.jpg
433,,https://comic.naver.com/webtoon/list?titleId=778991&weekday=sun,https://shared-comic.pstatic.net/thumb/webtoon/778991/thumbnail/thumbnail_IMAG10_9107b33d-78b6-418e-8704-9e1c6b85ac0e.jpg
434,,https://comic.naver.com/webtoon/list?titleId=768473&weekday=sun,https://shared-comic.pstatic.net/thumb/webtoon/768473/thumbnail/thumbnail_IMAG10_0a3870f2-0340-4a96-8ebc-3ef86da64c42.jpg
435,,https://comic.naver.com/webtoon/list?titleId=739097&weekday=sun,https://shared-comic.pstatic.net/thumb/webtoon/739097/thumbnail/thumbnail_IMAG10_11ac440f-add3-4120-a2e3-6bcf266f6074.jpg
436,,https://comic.naver.com/webtoon/list?titleId=730607&weekday=sun,https://shared-comic.pstatic.net/thumb/webtoon/730607/thumbnail/thumbnail_IMAG10_92b30f3a-66b8-40cc-9395-7472632437f5.jpg
437,,https://comic.naver.com/webtoon/list?titleId=767874&weekday=sun,https://shared-comic.pstatic.net/thumb/webtoon/767874/thumbnail/thumbnail_IMAG10_acf6aba7-07a4-4f69-9781-57ab77ef9b98.jpg
438,,https://comic.naver.com/webtoon/list?titleId=741458&weekday=sun,https://shared-comic.pstatic.net/thumb/webtoon/741458/thumbnail/thumbnail_IMAG10_4f4d207d-6c08-4393-8f44-e7e9c1d02618.jpg
439,,https://comic.naver.com/webtoon/list?titleId=773027&weekday=sun,https://shared-comic.pstatic.net/thumb/webtoon/773027/thumbnail/thumbnail_IMAG10_9ef56ca6-5521-44a7-b228-73dffd08c075.jpg
440,,https://comic.naver.com/webtoon/list?titleId=780266&weekday=sun,https://shared-comic.pstatic.net/thumb/webtoon/780266/thumbnail/thumbnail_IMAG10_95b1dae2-9b47-4454-9564-e0e7a79d425e.jpg
441,,https://comic.naver.com/webtoon/list?titleId=740387&weekday=sun,https://shared-comic.pstatic.net/thumb/webtoon/740387/thumbnail/thumbnail_IMAG10_ba41faf0-0bb2-4330-bd38-120c1d29f373.jpg
442,,https://comic.naver.com/webtoon/list?titleId=761599&weekday=sun,https://shared-comic.pstatic.net/thumb/webtoon/761599/thumbnail/thumbnail_IMAG10_48192470-423d-4dab-9570-a091e90c6b3a.jpg
443,,https://comic.naver.com/webtoon/list?titleId=773473&weekday=sun,https://shared-comic.pstatic.net/thumb/webtoon/773473/thumbnail/thumbnail_IMAG10_5240b6b2-52a0-433b-ac9a-d56152107f66.jpg
444,,https://comic.naver.com/webtoon/list?titleId=753842&weekday=sun,https://shared-comic.pstatic.net/thumb/webtoon/753842/thumbnail/thumbnail_IMAG10_e3670e7b-6bde-42d5-99f6-d971b30c6e3f.jpg
445,,https://comic.naver.com/webtoon/list?titleId=778967&weekday=sun,https://shared-comic.pstatic.net/thumb/webtoon/778967/thumbnail/thumbnail_IMAG10_c427e579-7fca-41be-b056-80c47bc3852f.jpg
446,,https://comic.naver.com/webtoon/list?titleId=775657&weekday=sun,https://shared-comic.pstatic.net/thumb/webtoon/775657/thumbnail/thumbnail_IMAG10_5659470e-d602-4425-a419-f704f5736b19.jpg
447,,https://comic.naver.com/webtoon/list?titleId=751992&weekday=sun,https://shared-comic.pstatic.net/thumb/webtoon/751992/thumbnail/thumbnail_IMAG10_f157b221-d50b-438b-b039-02996b4af42e.jpg
448,,https://comic.naver.com/webtoon/list?titleId=758664&weekday=sun,https://shared-comic.pstatic.net/thumb/webtoon/758664/thumbnail/thumbnail_IMAG10_8efb6cc4-5076-483a-a81b-9c3407c5c557.jpg
449,,https://comic.naver.com/webtoon/list?titleId=779627&weekday=sun,https://shared-comic.pstatic.net/thumb/webtoon/779627/thumbnail/thumbnail_IMAG10_2d90dbb8-ba5d-44da-9529-49b120e9db72.jpg
450,,https://comic.naver.com/webtoon/list?titleId=771933&weekday=sun,https://shared-comic.pstatic.net/thumb/webtoon/771933/thumbnail/thumbnail_IMAG10_2e0a9893-d9be-404e-be7c-23152cbf462a.jpg
451,,https://comic.naver.com/webtoon/list?titleId=777222&weekday=sun,https://shared-comic.pstatic.net/thumb/webtoon/777222/thumbnail/thumbnail_IMAG10_f12322d1-d81f-4fa8-8048-ae91581b040e.jpg
452,,https://comic.naver.com/webtoon/list?titleId=775725&weekday=sun,https://shared-comic.pstatic.net/thumb/webtoon/775725/thumbnail/thumbnail_IMAG10_57da8587-636f-4881-9cc4-31b8d05b56de.jpg
453,,https://comic.naver.com/webtoon/list?titleId=761514&weekday=sun,https://shared-comic.pstatic.net/thumb/webtoon/761514/thumbnail/thumbnail_IMAG10_c1456ca9-9a5c-4089-a847-9103761ae35a.jpg
454,,https://comic.naver.com/webtoon/list?titleId=771910&weekday=sun,https://shared-comic.pstatic.net/thumb/webtoon/771910/thumbnail/thumbnail_IMAG10_b92a9a99-17fb-4cc2-bb47-d33229a105c7.jpg
455,,https://comic.naver.com/webtoon/list?titleId=775318&weekday=sun,https://shared-comic.pstatic.net/thumb/webtoon/775318/thumbnail/thumbnail_IMAG10_ee055b37-4d75-45d1-9ddc-8f1bc5273582.jpg
456,,https://comic.naver.com/webtoon/list?titleId=729883&weekday=sun,https://shared-comic.pstatic.net/thumb/webtoon/729883/thumbnail/thumbnail_IMAG10_b0eeb3fc-b1c7-4b06-93ca-86055021647c.jpg
457,,https://comic.naver.com/webtoon/list?titleId=758676&weekday=sun,https://shared-comic.pstatic.net/thumb/webtoon/758676/thumbnail/thumbnail_IMAG10_c128068c-407a-435a-bdf1-87774dfac235.jpg
458,,https://comic.naver.com/webtoon/list?titleId=779354&weekday=sun,https://shared-comic.pstatic.net/thumb/webtoon/779354/thumbnail/thumbnail_IMAG10_c0f9efb3-4fcf-4298-9202-9529cf7b5408.jpg
459,,https://comic.naver.com/webtoon/list?titleId=777221&weekday=sun,https://shared-comic.pstatic.net/thumb/webtoon/777221/thumbnail/thumbnail_IMAG10_947a6406-875c-4713-a677-9e710d12f2ab.jpg
460,,https://comic.naver.com/webtoon/list?titleId=759641&weekday=sun,https://shared-comic.pstatic.net/thumb/webtoon/759641/thumbnail/thumbnail_IMAG10_35d679ca-6833-4d49-85ec-51ba1840ea6b.jpg
461,,https://comic.naver.com/webtoon/list?titleId=771719&weekday=sun,https://shared-comic.pstatic.net/thumb/webtoon/771719/thumbnail/thumbnail_IMAG10_56093216-f611-46cb-b7dc-107b18f6ecc3.jpeg
462,,https://comic.naver.com/webtoon/list?titleId=766504&weekday=sun,https://shared-comic.pstatic.net/thumb/webtoon/766504/thumbnail/thumbnail_IMAG10_c90c55a5-0214-4e72-b6eb-658e6227b935.jpg
463,,https://comic.naver.com/webtoon/list?titleId=773524&weekday=sun,https://shared-comic.pstatic.net/thumb/webtoon/773524/thumbnail/thumbnail_IMAG10_960205b3-bd21-4841-a7e3-504df21cf6e0.jpg
464,,https://comic.naver.com/webtoon/list?titleId=776096&weekday=sun,https://shared-comic.pstatic.net/thumb/webtoon/776096/thumbnail/thumbnail_IMAG10_08db5cff-39e5-45f7-8f1e-79f2dee347bc.jpg
465,,https://comic.naver.com/webtoon/list?titleId=773067&weekday=sun,https://shared-comic.pstatic.net/thumb/webtoon/773067/thumbnail/thumbnail_IMAG10_230655d6-9f14-49ab-a4ce-51fe590136c4.jpg
466,,https://comic.naver.com/webtoon/list?titleId=776143&weekday=sun,https://shared-comic.pstatic.net/thumb/webtoon/776143/thumbnail/thumbnail_IMAG10_dda41811-4de4-444a-accc-87f446b0bfe6.jpg
467,,https://comic.naver.com/webtoon/list?titleId=752462&weekday=sun,https://shared-comic.pstatic.net/thumb/webtoon/752462/thumbnail/thumbnail_IMAG10_491373a1-e80e-4ecc-bb3a-10a1fe1d1ebb.jpg
468,,https://comic.naver.com/webtoon/list?titleId=758665&weekday=sun,https://shared-comic.pstatic.net/thumb/webtoon/758665/thumbnail/thumbnail_IMAG10_477b3194-090a-45db-a203-ac808bc6e30d.jpg
469,,https://comic.naver.com/webtoon/list?titleId=768467&weekday=sun,https://shared-comic.pstatic.net/thumb/webtoon/768467/thumbnail/thumbnail_IMAG10_3690a0e9-7dee-4729-abf0-541040144679.jpg
470,,https://comic.naver.com/webtoon/list?titleId=758145&weekday=sun,https://shared-comic.pstatic.net/thumb/webtoon/758145/thumbnail/thumbnail_IMAG10_d7071f33-c4f6-4048-962c-145745f2e436.jpg
