요일,제목,URL
월요일,참교육,https://comic.naver.com/webtoon/list?titleId=758037&weekday=mon
월요일,신의 탑,https://comic.naver.com/webtoon/list?titleId=183559&weekday=mon
월요일,뷰티풀 군바리,https://comic.naver.com/webtoon/list?titleId=648419&weekday=mon
월요일,소녀의 세계,https://comic.naver.com/webtoon/list?titleId=654774&weekday=mon
월요일,팔이피플,https://comic.naver.com/webtoon/list?titleId=774863&weekday=mon
월요일,백수세끼,https://comic.naver.com/webtoon/list?titleId=733074&weekday=mon
월요일,장씨세가 호위무사,https://comic.naver.com/webtoon/list?titleId=728750&weekday=mon
월요일,파이게임,https://comic.naver.com/webtoon/list?titleId=749632&weekday=mon
월요일,앵무살수,https://comic.naver.com/webtoon/list?titleId=739115&weekday=mon
월요일,만렙돌파,https://comic.naver.com/webtoon/list?titleId=759940&weekday=mon
월요일,삼매경,https://comic.naver.com/webtoon/list?titleId=769317&weekday=mon
월요일,잔불의 기사,https://comic.naver.com/webtoon/list?titleId=768536&weekday=mon
월요일,요리GO,https://comic.naver.com/webtoon/list?titleId=703849&weekday=mon
월요일,말박왕,https://comic.naver.com/webtoon/list?titleId=768472&weekday=mon
월요일,더블클릭,https://comic.naver.com/webtoon/list?titleId=769663&weekday=mon
월요일,유일무이 로맨스,https://comic.naver.com/webtoon/list?titleId=709731&weekday=mon
월요일,히어로메이커,https://comic.naver.com/webtoon/list?titleId=21815&weekday=mon
월요일,홍천기,https://comic.naver.com/webtoon/list?titleId=778748&weekday=mon
월요일,똑 닮은 딸,https://comic.naver.com/webtoon/list?titleId=774866&weekday=mon
월요일,혁신적 얼간이들,https://comic.naver.com/webtoon/list?titleId=783466&weekday=mon
월요일,결혼생활 그림일기,https://comic.naver.com/webtoon/list?titleId=741891&weekday=mon
월요일,오늘의 순정망화,https://comic.naver.com/webtoon/list?titleId=716857&weekday=mon
월요일,물어보는 사이,https://comic.naver.com/webtoon/list?titleId=772725&weekday=mon
월요일,오빠집이 비어서,https://comic.naver.com/webtoon/list?titleId=780414&weekday=mon
월요일,평범한 8반,https://comic.naver.com/webtoon/list?titleId=597478&weekday=mon
월요일,꼬리잡기,https://comic.naver.com/webtoon/list?titleId=758666&weekday=mon
월요일,바퀴,https://comic.naver.com/webtoon/list?titleId=778329&weekday=mon
월요일,아는 여자애,https://comic.naver.com/webtoon/list?titleId=738809&weekday=mon
월요일,이제야 연애,https://comic.naver.com/webtoon/list?titleId=780881&weekday=mon
월요일,신군,https://comic.naver.com/webtoon/list?titleId=783050&weekday=mon
월요일,꿈의 기업,https://comic.naver.com/webtoon/list?titleId=687915&weekday=mon
월요일,장난감,https://comic.naver.com/webtoon/list?titleId=770656&weekday=mon
월요일,"아, 쫌 참으세요 영주님!",https://comic.naver.com/webtoon/list?titleId=774703&weekday=mon
월요일,황제와의 하룻밤,https://comic.naver.com/webtoon/list?titleId=758671&weekday=mon
월요일,순정말고 순종,https://comic.naver.com/webtoon/list?titleId=761461&weekday=mon
월요일,수영만화일기,https://comic.naver.com/webtoon/list?titleId=768534&weekday=mon
월요일,하루의 하루,https://comic.naver.com/webtoon/list?titleId=774302&weekday=mon
월요일,와이키키 뱀파이어,https://comic.naver.com/webtoon/list?titleId=744320&weekday=mon
월요일,영앤리치가 아니야!,https://comic.naver.com/webtoon/list?titleId=734574&weekday=mon
월요일,최후의 금빛아이,https://comic.naver.com/webtoon/list?titleId=772734&weekday=mon
월요일,야생천사 보호구역,https://comic.naver.com/webtoon/list?titleId=767919&weekday=mon
월요일,사랑의 헌옷수거함,https://comic.naver.com/webtoon/list?titleId=758667&weekday=mon
월요일,착한건 돈이된다,https://comic.naver.com/webtoon/list?titleId=766575&weekday=mon
월요일,모스크바의 여명,https://comic.naver.com/webtoon/list?titleId=772243&weekday=mon
월요일,이중첩자,https://comic.naver.com/webtoon/list?titleId=752413&weekday=mon
월요일,"선배, 그 립스틱 바르지 마요",https://comic.naver.com/webtoon/list?titleId=762237&weekday=mon
월요일,왕따협상,https://comic.naver.com/webtoon/list?titleId=752350&weekday=mon
월요일,원하는 건 너 하나,https://comic.naver.com/webtoon/list?titleId=752530&weekday=mon
월요일,"또다시, 계약 부부",https://comic.naver.com/webtoon/list?titleId=774040&weekday=mon
월요일,라서드,https://comic.naver.com/webtoon/list?titleId=756140&weekday=mon
월요일,백호랑,https://comic.naver.com/webtoon/list?titleId=745654&weekday=mon
월요일,마지막 지수,https://comic.naver.com/webtoon/list?titleId=765776&weekday=mon
월요일,드로잉 레시피,https://comic.naver.com/webtoon/list?titleId=750493&weekday=mon
월요일,바로 보지 않는,https://comic.naver.com/webtoon/list?titleId=764041&weekday=mon
월요일,살아간다,https://comic.naver.com/webtoon/list?titleId=761553&weekday=mon
월요일,개밥 먹는 남자,https://comic.naver.com/webtoon/list?titleId=761463&weekday=mon
월요일,이탄국의 자청비,https://comic.naver.com/webtoon/list?titleId=759420&weekday=mon
월요일,그림자 신부,https://comic.naver.com/webtoon/list?titleId=767979&weekday=mon
월요일,사막에 핀 달,https://comic.naver.com/webtoon/list?titleId=769801&weekday=mon
월요일,모락모락 왕세자님,https://comic.naver.com/webtoon/list?titleId=734918&weekday=mon
월요일,트리거,https://comic.naver.com/webtoon/list?titleId=764480&weekday=mon
월요일,보살님이 캐리해!,https://comic.naver.com/webtoon/list?titleId=756790&weekday=mon
월요일,기사님을 지켜줘,https://comic.naver.com/webtoon/list?titleId=770590&weekday=mon
월요일,오로지 오로라,https://comic.naver.com/webtoon/list?titleId=764623&weekday=mon
월요일,중독연구소,https://comic.naver.com/webtoon/list?titleId=740132&weekday=mon
월요일,헬로맨스,https://comic.naver.com/webtoon/list?titleId=754872&weekday=mon
화요일,"2021 최애캐 안녕, 잘 지내니?",https://comic.naver.com/webtoon/list?titleId=780506&weekday=tue
화요일,여신강림,https://comic.naver.com/webtoon/list?titleId=703846&weekday=tue
화요일,한림체육관,https://comic.naver.com/webtoon/list?titleId=743139&weekday=tue
화요일,용사가 돌아왔다,https://comic.naver.com/webtoon/list?titleId=773459&weekday=tue
화요일,엽총소년,https://comic.naver.com/webtoon/list?titleId=759925&weekday=tue
화요일,사신소년,https://comic.naver.com/webtoon/list?titleId=730656&weekday=tue
화요일,하루만 네가 되고 싶어,https://comic.naver.com/webtoon/list?titleId=738487&weekday=tue
화요일,중증외상센터 : 골든 아워,https://comic.naver.com/webtoon/list?titleId=738174&weekday=tue
화요일,덴큐,https://comic.naver.com/webtoon/list?titleId=778963&weekday=tue
화요일,신도림,https://comic.naver.com/webtoon/list?titleId=683496&weekday=tue
화요일,랜덤채팅의 그녀!,https://comic.naver.com/webtoon/list?titleId=702608&weekday=tue
화요일,니나의 마법서랍,https://comic.naver.com/webtoon/list?titleId=772401&weekday=tue
화요일,달콤살벌한 부부,https://comic.naver.com/webtoon/list?titleId=753856&weekday=tue
화요일,1을 줄게,https://comic.naver.com/webtoon/list?titleId=773522&weekday=tue
화요일,집이 없어,https://comic.naver.com/webtoon/list?titleId=721433&weekday=tue
화요일,호랑이 들어와요,https://comic.naver.com/webtoon/list?titleId=757904&weekday=tue
화요일,오피스 누나 이야기,https://comic.naver.com/webtoon/list?titleId=755694&weekday=tue
화요일,원주민 공포만화,https://comic.naver.com/webtoon/list?titleId=698918&weekday=tue
화요일,천마는 평범하게 살 수 없다,https://comic.naver.com/webtoon/list?titleId=774358&weekday=tue
화요일,윌유메리미,https://comic.naver.com/webtoon/list?titleId=616239&weekday=tue
화요일,몬스터,https://comic.naver.com/webtoon/list?titleId=771044&weekday=tue
화요일,위아더좀비,https://comic.naver.com/webtoon/list?titleId=766648&weekday=tue
화요일,하우스키퍼,https://comic.naver.com/webtoon/list?titleId=723046&weekday=tue
화요일,오늘의 순정망화,https://comic.naver.com/webtoon/list?titleId=716857&weekday=tue
화요일,아이레,https://comic.naver.com/webtoon/list?titleId=754875&weekday=tue
화요일,견우와 선녀,https://comic.naver.com/webtoon/list?titleId=740034&weekday=tue
화요일,빌런투킬,https://comic.naver.com/webtoon/list?titleId=765156&weekday=tue
화요일,"플레이, 플리",https://comic.naver.com/webtoon/list?titleId=753853&weekday=tue
화요일,올가미,https://comic.naver.com/webtoon/list?titleId=732988&weekday=tue
화요일,정년이,https://comic.naver.com/webtoon/list?titleId=726214&weekday=tue
화요일,3cm 헌터,https://comic.naver.com/webtoon/list?titleId=733458&weekday=tue
화요일,아이즈,https://comic.naver.com/webtoon/list?titleId=767908&weekday=tue
화요일,은주의 방 2~3부,https://comic.naver.com/webtoon/list?titleId=654138&weekday=tue
화요일,빅맨,https://comic.naver.com/webtoon/list?titleId=753839&weekday=tue
화요일,제로게임,https://comic.naver.com/webtoon/list?titleId=676695&weekday=tue
화요일,용왕님의 셰프가 되었습니다,https://comic.naver.com/webtoon/list?titleId=741449&weekday=tue
화요일,성인초딩,https://comic.naver.com/webtoon/list?titleId=755601&weekday=tue
화요일,나타나주세요!,https://comic.naver.com/webtoon/list?titleId=770068&weekday=tue
화요일,이상형은 아닙니다,https://comic.naver.com/webtoon/list?titleId=776093&weekday=tue
화요일,연우의 순정,https://comic.naver.com/webtoon/list?titleId=752532&weekday=tue
화요일,그녀석 정복기,https://comic.naver.com/webtoon/list?titleId=770477&weekday=tue
화요일,악인,https://comic.naver.com/webtoon/list?titleId=759924&weekday=tue
화요일,열녀박씨 계약결혼뎐,https://comic.naver.com/webtoon/list?titleId=761601&weekday=tue
화요일,나의 플랏메이트,https://comic.naver.com/webtoon/list?titleId=762073&weekday=tue
화요일,숲속의 담,https://comic.naver.com/webtoon/list?titleId=738145&weekday=tue
화요일,오파츠,https://comic.naver.com/webtoon/list?titleId=744381&weekday=tue
화요일,기밀입니다,https://comic.naver.com/webtoon/list?titleId=780151&weekday=tue
화요일,나는 어디에나 있다,https://comic.naver.com/webtoon/list?titleId=771063&weekday=tue
화요일,조선홍보대행사 조대박,https://comic.naver.com/webtoon/list?titleId=737019&weekday=tue
화요일,기계증식증,https://comic.naver.com/webtoon/list?titleId=774504&weekday=tue
화요일,안식의 밤,https://comic.naver.com/webtoon/list?titleId=738483&weekday=tue
화요일,자판귀,https://comic.naver.com/webtoon/list?titleId=703850&weekday=tue
화요일,교환학생,https://comic.naver.com/webtoon/list?titleId=778228&weekday=tue
화요일,대신 심부름을 해다오,https://comic.naver.com/webtoon/list?titleId=769551&weekday=tue
화요일,태시트,https://comic.naver.com/webtoon/list?titleId=766966&weekday=tue
화요일,급식러너,https://comic.naver.com/webtoon/list?titleId=770030&weekday=tue
화요일,연애는 전쟁!,https://comic.naver.com/webtoon/list?titleId=765822&weekday=tue
화요일,다꾸남,https://comic.naver.com/webtoon/list?titleId=775328&weekday=tue
화요일,풋내기들,https://comic.naver.com/webtoon/list?titleId=764622&weekday=tue
화요일,지원이들,https://comic.naver.com/webtoon/list?titleId=775337&weekday=tue
화요일,고등매직,https://comic.naver.com/webtoon/list?titleId=773085&weekday=tue
화요일,NG불가,https://comic.naver.com/webtoon/list?titleId=774022&weekday=tue
화요일,프린스 메이커,https://comic.naver.com/webtoon/list?titleId=771095&weekday=tue
화요일,피로만땅,https://comic.naver.com/webtoon/list?titleId=758672&weekday=tue
화요일,인문학적 감수성,https://comic.naver.com/webtoon/list?titleId=759923&weekday=tue
화요일,하나in세인,https://comic.naver.com/webtoon/list?titleId=769987&weekday=tue
화요일,찐:종합게임동아리,https://comic.naver.com/webtoon/list?titleId=771018&weekday=tue
수요일,"2021 최애캐 안녕, 잘 지내니?",https://comic.naver.com/webtoon/list?titleId=780506&weekday=wed
수요일,전지적 독자 시점,https://comic.naver.com/webtoon/list?titleId=747269&weekday=wed
수요일,헬퍼 2 : 킬베로스,https://comic.naver.com/webtoon/list?titleId=670143&weekday=wed
수요일,조조코믹스,https://comic.naver.com/webtoon/list?titleId=774862&weekday=wed
수요일,화산귀환,https://comic.naver.com/webtoon/list?titleId=769209&weekday=wed
수요일,캐슬,https://comic.naver.com/webtoon/list?titleId=736744&weekday=wed
수요일,튜토리얼 탑의 고인물,https://comic.naver.com/webtoon/list?titleId=738694&weekday=wed
수요일,급식아빠,https://comic.naver.com/webtoon/list?titleId=758662&weekday=wed
수요일,남주의 첫날밤을 가져버렸다,https://comic.naver.com/webtoon/list?titleId=749639&weekday=wed
수요일,일렉시드,https://comic.naver.com/webtoon/list?titleId=717481&weekday=wed
수요일,변방의 외노자,https://comic.naver.com/webtoon/list?titleId=780172&weekday=wed
수요일,노곤하개,https://comic.naver.com/webtoon/list?titleId=702672&weekday=wed
수요일,여주실격!,https://comic.naver.com/webtoon/list?titleId=738143&weekday=wed
수요일,세상은 돈과 권력,https://comic.naver.com/webtoon/list?titleId=710747&weekday=wed
수요일,66666년 만에 환생한 흑마법사,https://comic.naver.com/webtoon/list?titleId=775141&weekday=wed
수요일,탈영일지,https://comic.naver.com/webtoon/list?titleId=773523&weekday=wed
수요일,연놈,https://comic.naver.com/webtoon/list?titleId=667573&weekday=wed
수요일,나쁜사람,https://comic.naver.com/webtoon/list?titleId=750184&weekday=wed
수요일,닥터앤닥터 육아일기,https://comic.naver.com/webtoon/list?titleId=732955&weekday=wed
수요일,마른 가지에 바람처럼,https://comic.naver.com/webtoon/list?titleId=748535&weekday=wed
수요일,엔딩 후 서브남을 주웠다,https://comic.naver.com/webtoon/list?titleId=761498&weekday=wed
수요일,빌드업,https://comic.naver.com/webtoon/list?titleId=750826&weekday=wed
수요일,비인간,https://comic.naver.com/webtoon/list?titleId=783022&weekday=wed
수요일,판타지 여동생!,https://comic.naver.com/webtoon/list?titleId=730425&weekday=wed
수요일,미래의 골동품 가게,https://comic.naver.com/webtoon/list?titleId=742105&weekday=wed
수요일,밤낚시,https://comic.naver.com/webtoon/list?titleId=778747&weekday=wed
수요일,사상최강,https://comic.naver.com/webtoon/list?titleId=748536&weekday=wed
수요일,하렘의 남자들,https://comic.naver.com/webtoon/list?titleId=760001&weekday=wed
수요일,고삼무쌍,https://comic.naver.com/webtoon/list?titleId=728126&weekday=wed
수요일,귀곡의 문,https://comic.naver.com/webtoon/list?titleId=718020&weekday=wed
수요일,언덕 위의 제임스,https://comic.naver.com/webtoon/list?titleId=671421&weekday=wed
수요일,관종교장,https://comic.naver.com/webtoon/list?titleId=774088&weekday=wed
수요일,방탈출,https://comic.naver.com/webtoon/list?titleId=733034&weekday=wed
수요일,블랙홀과 3만원,https://comic.naver.com/webtoon/list?titleId=775690&weekday=wed
수요일,괴물공작의 딸,https://comic.naver.com/webtoon/list?titleId=765158&weekday=wed
수요일,아도나이,https://comic.naver.com/webtoon/list?titleId=725829&weekday=wed
수요일,새벽 두 시의 신데렐라,https://comic.naver.com/webtoon/list?titleId=752533&weekday=wed
수요일,오징어도 사랑이 되나요?,https://comic.naver.com/webtoon/list?titleId=770524&weekday=wed
수요일,로어 올림푸스,https://comic.naver.com/webtoon/list?titleId=750558&weekday=wed
수요일,여우담:스윗싱가포르,https://comic.naver.com/webtoon/list?titleId=779446&weekday=wed
수요일,"오직, 밝은 미래",https://comic.naver.com/webtoon/list?titleId=780137&weekday=wed
수요일,칼부림,https://comic.naver.com/webtoon/list?titleId=602916&weekday=wed
수요일,마녀와 용의 신혼일기,https://comic.naver.com/webtoon/list?titleId=755668&weekday=wed
수요일,얼굴천재,https://comic.naver.com/webtoon/list?titleId=735979&weekday=wed
수요일,반귀,https://comic.naver.com/webtoon/list?titleId=760002&weekday=wed
수요일,두 번 사는 프로듀서,https://comic.naver.com/webtoon/list?titleId=780253&weekday=wed
수요일,범이올시다!,https://comic.naver.com/webtoon/list?titleId=745589&weekday=wed
수요일,속보입니다,https://comic.naver.com/webtoon/list?titleId=755758&weekday=wed
수요일,수요웹툰의 나강림,https://comic.naver.com/webtoon/list?titleId=771718&weekday=wed
수요일,사랑과 평강의 온달!,https://comic.naver.com/webtoon/list?titleId=773187&weekday=wed
수요일,화가 살리에르,https://comic.naver.com/webtoon/list?titleId=777194&weekday=wed
수요일,반짝반짝 작은 눈,https://comic.naver.com/webtoon/list?titleId=772729&weekday=wed
수요일,무용과 남학생,https://comic.naver.com/webtoon/list?titleId=774853&weekday=wed
수요일,뱀은 꽃을 먹는가,https://comic.naver.com/webtoon/list?titleId=763851&weekday=wed
수요일,신선비,https://comic.naver.com/webtoon/list?titleId=735254&weekday=wed
수요일,스캔들,https://comic.naver.com/webtoon/list?titleId=751642&weekday=wed
수요일,웰컴 온보드,https://comic.naver.com/webtoon/list?titleId=758670&weekday=wed
수요일,기억흔적,https://comic.naver.com/webtoon/list?titleId=739113&weekday=wed
수요일,구주,https://comic.naver.com/webtoon/list?titleId=770844&weekday=wed
수요일,천도,https://comic.naver.com/webtoon/list?titleId=740481&weekday=wed
수요일,내 룸메이트는 마네킹,https://comic.naver.com/webtoon/list?titleId=768466&weekday=wed
수요일,저승사자 출입금지,https://comic.naver.com/webtoon/list?titleId=736699&weekday=wed
수요일,해귀,https://comic.naver.com/webtoon/list?titleId=762786&weekday=wed
수요일,나의 계절,https://comic.naver.com/webtoon/list?titleId=774039&weekday=wed
수요일,시효완성,https://comic.naver.com/webtoon/list?titleId=756606&weekday=wed
목요일,독립일기,https://comic.naver.com/webtoon/list?titleId=748105&weekday=thu
목요일,더 복서,https://comic.naver.com/webtoon/list?titleId=736989&weekday=thu
목요일,연애혁명,https://comic.naver.com/webtoon/list?titleId=570503&weekday=thu
목요일,기기괴괴,https://comic.naver.com/webtoon/list?titleId=557672&weekday=thu
목요일,나노마신,https://comic.naver.com/webtoon/list?titleId=747271&weekday=thu
목요일,이두나!,https://comic.naver.com/webtoon/list?titleId=731130&weekday=thu
목요일,나 혼자 네크로맨서,https://comic.naver.com/webtoon/list?titleId=780170&weekday=thu
목요일,묵시의 인플루언서,https://comic.naver.com/webtoon/list?titleId=775218&weekday=thu
목요일,포식동물,https://comic.naver.com/webtoon/list?titleId=773417&weekday=thu
목요일,노답소녀,https://comic.naver.com/webtoon/list?titleId=756137&weekday=thu
목요일,화이트 블러드,https://comic.naver.com/webtoon/list?titleId=739503&weekday=thu
목요일,정글쥬스,https://comic.naver.com/webtoon/list?titleId=762279&weekday=thu
목요일,무사만리행,https://comic.naver.com/webtoon/list?titleId=746857&weekday=thu
목요일,천마육성,https://comic.naver.com/webtoon/list?titleId=776255&weekday=thu
목요일,겟백,https://comic.naver.com/webtoon/list?titleId=727798&weekday=thu
목요일,오빠세끼,https://comic.naver.com/webtoon/list?titleId=758659&weekday=thu
목요일,하드캐리,https://comic.naver.com/webtoon/list?titleId=710761&weekday=thu
목요일,던전 씹어먹는 아티팩트,https://comic.naver.com/webtoon/list?titleId=758439&weekday=thu
목요일,꽃만 키우는데 너무강함,https://comic.naver.com/webtoon/list?titleId=741825&weekday=thu
목요일,쿠베라,https://comic.naver.com/webtoon/list?titleId=131385&weekday=thu
목요일,트롤트랩,https://comic.naver.com/webtoon/list?titleId=701700&weekday=thu
목요일,선남친 후연애,https://comic.naver.com/webtoon/list?titleId=780191&weekday=thu
목요일,최강전설 강해효,https://comic.naver.com/webtoon/list?titleId=570506&weekday=thu
목요일,별을 삼킨 너에게,https://comic.naver.com/webtoon/list?titleId=748831&weekday=thu
목요일,마왕까지 한 걸음,https://comic.naver.com/webtoon/list?titleId=776668&weekday=thu
목요일,흑막 여주가 날 새엄마로 만들려고 해,https://comic.naver.com/webtoon/list?titleId=770523&weekday=thu
목요일,오늘의 순정망화,https://comic.naver.com/webtoon/list?titleId=716857&weekday=thu
목요일,불편한 관계,https://comic.naver.com/webtoon/list?titleId=768468&weekday=thu
목요일,선의의 경쟁,https://comic.naver.com/webtoon/list?titleId=748069&weekday=thu
목요일,만능잡캐,https://comic.naver.com/webtoon/list?titleId=783117&weekday=thu
목요일,만물의 영장,https://comic.naver.com/webtoon/list?titleId=729964&weekday=thu
목요일,완벽한 결혼의 정석,https://comic.naver.com/webtoon/list?titleId=775631&weekday=thu
목요일,시월드 판타지,https://comic.naver.com/webtoon/list?titleId=753222&weekday=thu
목요일,안개무덤,https://comic.naver.com/webtoon/list?titleId=731930&weekday=thu
목요일,마계인섬,https://comic.naver.com/webtoon/list?titleId=766503&weekday=thu
목요일,경기 GO,https://comic.naver.com/webtoon/list?titleId=780990&weekday=thu
목요일,수영만화일기,https://comic.naver.com/webtoon/list?titleId=768534&weekday=thu
목요일,마법사랑해,https://comic.naver.com/webtoon/list?titleId=776655&weekday=thu
목요일,시에라,https://comic.naver.com/webtoon/list?titleId=778707&weekday=thu
목요일,로그아웃,https://comic.naver.com/webtoon/list?titleId=733033&weekday=thu
목요일,THE 런웨이,https://comic.naver.com/webtoon/list?titleId=771912&weekday=thu
목요일,야만의 시대,https://comic.naver.com/webtoon/list?titleId=770873&weekday=thu
목요일,"그 개, 만두",https://comic.naver.com/webtoon/list?titleId=770015&weekday=thu
목요일,네가 죽기를 바랄 때가 있었다,https://comic.naver.com/webtoon/list?titleId=776542&weekday=thu
목요일,소녀180,https://comic.naver.com/webtoon/list?titleId=742351&weekday=thu
목요일,그 황제가 시곗바늘을 되돌린 사연,https://comic.naver.com/webtoon/list?titleId=765322&weekday=thu
목요일,루커피쳐,https://comic.naver.com/webtoon/list?titleId=758678&weekday=thu
목요일,길티액스,https://comic.naver.com/webtoon/list?titleId=777830&weekday=thu
목요일,집사레인저,https://comic.naver.com/webtoon/list?titleId=743270&weekday=thu
목요일,달의 요람,https://comic.naver.com/webtoon/list?titleId=762035&weekday=thu
목요일,성스러운 아이돌,https://comic.naver.com/webtoon/list?titleId=762781&weekday=thu
목요일,어차피 남편은!,https://comic.naver.com/webtoon/list?titleId=758673&weekday=thu
목요일,겟라이프,https://comic.naver.com/webtoon/list?titleId=733076&weekday=thu
목요일,아빠같은 남자,https://comic.naver.com/webtoon/list?titleId=774451&weekday=thu
목요일,소년의 기록,https://comic.naver.com/webtoon/list?titleId=771720&weekday=thu
목요일,유리와 유리와 유리,https://comic.naver.com/webtoon/list?titleId=758661&weekday=thu
목요일,어느날 네가 떠올라!,https://comic.naver.com/webtoon/list?titleId=774924&weekday=thu
목요일,돌아온 여기사,https://comic.naver.com/webtoon/list?titleId=772691&weekday=thu
목요일,온실 속 화초,https://comic.naver.com/webtoon/list?titleId=769662&weekday=thu
목요일,온새미로,https://comic.naver.com/webtoon/list?titleId=745472&weekday=thu
목요일,폭탄주먹 변대장,https://comic.naver.com/webtoon/list?titleId=776790&weekday=thu
목요일,평범한 낙원,https://comic.naver.com/webtoon/list?titleId=772192&weekday=thu
목요일,카루나,https://comic.naver.com/webtoon/list?titleId=754876&weekday=thu
목요일,혼모노트,https://comic.naver.com/webtoon/list?titleId=768471&weekday=thu
목요일,멸망X초이스,https://comic.naver.com/webtoon/list?titleId=771717&weekday=thu
목요일,보물과 괴물의 도시,https://comic.naver.com/webtoon/list?titleId=751993&weekday=thu
목요일,헬프미,https://comic.naver.com/webtoon/list?titleId=759475&weekday=thu
목요일,모어 라이프,https://comic.naver.com/webtoon/list?titleId=771985&weekday=thu
금요일,"2021 최애캐 안녕, 잘 지내니?",https://comic.naver.com/webtoon/list?titleId=780506&weekday=fri
금요일,외모지상주의,https://comic.naver.com/webtoon/list?titleId=641253&weekday=fri
금요일,나 혼자 만렙 뉴비,https://comic.naver.com/webtoon/list?titleId=773797&weekday=fri
금요일,데드퀸,https://comic.naver.com/webtoon/list?titleId=753478&weekday=fri
금요일,1초,https://comic.naver.com/webtoon/list?titleId=725586&weekday=fri
금요일,광마회귀,https://comic.naver.com/webtoon/list?titleId=776601&weekday=fri
금요일,개를 낳았다,https://comic.naver.com/webtoon/list?titleId=712362&weekday=fri
금요일,내과 박원장,https://comic.naver.com/webtoon/list?titleId=781354&weekday=fri
금요일,죽지 않으려면,https://comic.naver.com/webtoon/list?titleId=772764&weekday=fri
금요일,쌈빡,https://comic.naver.com/webtoon/list?titleId=777515&weekday=fri
금요일,낙향문사전,https://comic.naver.com/webtoon/list?titleId=746534&weekday=fri
금요일,서울역 드루이드,https://comic.naver.com/webtoon/list?titleId=773476&weekday=fri
금요일,세기말 풋사과 보습학원,https://comic.naver.com/webtoon/list?titleId=761722&weekday=fri
금요일,더 게이머,https://comic.naver.com/webtoon/list?titleId=552960&weekday=fri
금요일,재혼 황후,https://comic.naver.com/webtoon/list?titleId=735661&weekday=fri
금요일,걸어서 30분,https://comic.naver.com/webtoon/list?titleId=700844&weekday=fri
금요일,여성전용헬스장 진달래짐,https://comic.naver.com/webtoon/list?titleId=759457&weekday=fri
금요일,말년용사,https://comic.naver.com/webtoon/list?titleId=773916&weekday=fri
금요일,상남자,https://comic.naver.com/webtoon/list?titleId=751168&weekday=fri
금요일,플레이어,https://comic.naver.com/webtoon/list?titleId=745876&weekday=fri
금요일,상위1%,https://comic.naver.com/webtoon/list?titleId=783256&weekday=fri
금요일,구남친이 내게 반했다,https://comic.naver.com/webtoon/list?titleId=748534&weekday=fri
금요일,모죠의 데뷔 일Z,https://comic.naver.com/webtoon/list?titleId=780008&weekday=fri
금요일,A.I. 닥터,https://comic.naver.com/webtoon/list?titleId=765804&weekday=fri
금요일,히어로 킬러,https://comic.naver.com/webtoon/list?titleId=766563&weekday=fri
금요일,그들이 사귀는 세상,https://comic.naver.com/webtoon/list?titleId=764130&weekday=fri
금요일,달이 없는 나라,https://comic.naver.com/webtoon/list?titleId=780063&weekday=fri
금요일,식인귀,https://comic.naver.com/webtoon/list?titleId=777272&weekday=fri
금요일,오!너의 리스크,https://comic.naver.com/webtoon/list?titleId=780267&weekday=fri
금요일,가슴털 로망스,https://comic.naver.com/webtoon/list?titleId=729963&weekday=fri
금요일,역대급 영지 설계사,https://comic.naver.com/webtoon/list?titleId=777767&weekday=fri
금요일,그 기사가 레이디로 사는 법,https://comic.naver.com/webtoon/list?titleId=758675&weekday=fri
금요일,버그: 스티그마,https://comic.naver.com/webtoon/list?titleId=724431&weekday=fri
금요일,미혼남녀의 효율적 만남,https://comic.naver.com/webtoon/list?titleId=774868&weekday=fri
금요일,미친 후작을 길들이고 말았다,https://comic.naver.com/webtoon/list?titleId=778325&weekday=fri
금요일,엽사:요괴사냥꾼,https://comic.naver.com/webtoon/list?titleId=769210&weekday=fri
금요일,후덜덜덜 남극전자,https://comic.naver.com/webtoon/list?titleId=732036&weekday=fri
금요일,사람의 조각,https://comic.naver.com/webtoon/list?titleId=765821&weekday=fri
금요일,여우놀이,https://comic.naver.com/webtoon/list?titleId=768469&weekday=fri
금요일,피와 나비,https://comic.naver.com/webtoon/list?titleId=749633&weekday=fri
금요일,감자마을,https://comic.naver.com/webtoon/list?titleId=759418&weekday=fri
금요일,네버엔딩달링,https://comic.naver.com/webtoon/list?titleId=758660&weekday=fri
금요일,"주님, 악마가 되게 해주세요!",https://comic.naver.com/webtoon/list?titleId=769567&weekday=fri
금요일,악몽일기,https://comic.naver.com/webtoon/list?titleId=766626&weekday=fri
금요일,인피니티,https://comic.naver.com/webtoon/list?titleId=775140&weekday=fri
금요일,너의 미소가 함정,https://comic.naver.com/webtoon/list?titleId=741467&weekday=fri
금요일,로판 빙의 만화,https://comic.naver.com/webtoon/list?titleId=772020&weekday=fri
금요일,도무지 그애는,https://comic.naver.com/webtoon/list?titleId=761496&weekday=fri
금요일,썸내일,https://comic.naver.com/webtoon/list?titleId=768470&weekday=fri
금요일,몽홀,https://comic.naver.com/webtoon/list?titleId=644112&weekday=fri
금요일,빨간맛 로맨스,https://comic.naver.com/webtoon/list?titleId=776669&weekday=fri
금요일,태권보이,https://comic.naver.com/webtoon/list?titleId=771330&weekday=fri
금요일,빨리감기,https://comic.naver.com/webtoon/list?titleId=764040&weekday=fri
금요일,방과후 선녀,https://comic.naver.com/webtoon/list?titleId=761587&weekday=fri
금요일,트럼프,https://comic.naver.com/webtoon/list?titleId=524520&weekday=fri
금요일,아찔한 전남편,https://comic.naver.com/webtoon/list?titleId=769747&weekday=fri
금요일,백년게임,https://comic.naver.com/webtoon/list?titleId=751999&weekday=fri
금요일,"찬란하지 않아도 괜찮아, 새벽",https://comic.naver.com/webtoon/list?titleId=771011&weekday=fri
금요일,팬시X팬시,https://comic.naver.com/webtoon/list?titleId=773475&weekday=fri
금요일,꽃 피우는 남자,https://comic.naver.com/webtoon/list?titleId=764165&weekday=fri
금요일,나쁜 쪽으로,https://comic.naver.com/webtoon/list?titleId=739350&weekday=fri
금요일,진짜 정말 맹세코 좋아해,https://comic.naver.com/webtoon/list?titleId=755788&weekday=fri
금요일,다름이 아니라,https://comic.naver.com/webtoon/list?titleId=777853&weekday=fri
금요일,합법해적 파르페,https://comic.naver.com/webtoon/list?titleId=729036&weekday=fri
금요일,킬러방 : 퍼스트 킬,https://comic.naver.com/webtoon/list?titleId=769660&weekday=fri
금요일,"행운을 빌어요, 용사님!",https://comic.naver.com/webtoon/list?titleId=775334&weekday=fri
금요일,강림전기 개정기,https://comic.naver.com/webtoon/list?titleId=762777&weekday=fri
금요일,매지컬 메디컬,https://comic.naver.com/webtoon/list?titleId=753806&weekday=fri
토요일,"2021 최애캐 안녕, 잘 지내니?",https://comic.naver.com/webtoon/list?titleId=780506&weekday=sat
토요일,호랑이형님,https://comic.naver.com/webtoon/list?titleId=650305&weekday=sat
토요일,조조코믹스,https://comic.naver.com/webtoon/list?titleId=774862&weekday=sat
토요일,프리드로우,https://comic.naver.com/webtoon/list?titleId=597447&weekday=sat
토요일,스퍼맨 : 전하지 못한 이야기,https://comic.naver.com/webtoon/list?titleId=775723&weekday=sat
토요일,취사병 전설이 되다,https://comic.naver.com/webtoon/list?titleId=727188&weekday=sat
토요일,광장,https://comic.naver.com/webtoon/list?titleId=753509&weekday=sat
토요일,초인의 시대,https://comic.naver.com/webtoon/list?titleId=730694&weekday=sat
토요일,망나니 소교주로 환생했다,https://comic.naver.com/webtoon/list?titleId=773796&weekday=sat
토요일,니나의 마법서랍,https://comic.naver.com/webtoon/list?titleId=772401&weekday=sat
토요일,노곤하개,https://comic.naver.com/webtoon/list?titleId=702672&weekday=sat
토요일,스터디그룹,https://comic.naver.com/webtoon/list?titleId=721948&weekday=sat
토요일,존잘주의,https://comic.naver.com/webtoon/list?titleId=774864&weekday=sat
토요일,힙한남자,https://comic.naver.com/webtoon/list?titleId=758619&weekday=sat
토요일,윌유메리미,https://comic.naver.com/webtoon/list?titleId=616239&weekday=sat
토요일,나이트런,https://comic.naver.com/webtoon/list?titleId=64997&weekday=sat
토요일,최면학교,https://comic.naver.com/webtoon/list?titleId=776656&weekday=sat
토요일,반드시 해피엔딩,https://comic.naver.com/webtoon/list?titleId=769568&weekday=sat
토요일,최강부캐,https://comic.naver.com/webtoon/list?titleId=778580&weekday=sat
토요일,나를 바꿔줘,https://comic.naver.com/webtoon/list?titleId=733280&weekday=sat
토요일,청춘 블라썸,https://comic.naver.com/webtoon/list?titleId=746834&weekday=sat
토요일,어글리후드,https://comic.naver.com/webtoon/list?titleId=703630&weekday=sat
토요일,"나태 공자, 노력 천재 되다",https://comic.naver.com/webtoon/list?titleId=772853&weekday=sat
토요일,은둔코인,https://comic.naver.com/webtoon/list?titleId=778284&weekday=sat
토요일,탑코너,https://comic.naver.com/webtoon/list?titleId=732021&weekday=sat
토요일,지옥급식,https://comic.naver.com/webtoon/list?titleId=762277&weekday=sat
토요일,좀비 파이트,https://comic.naver.com/webtoon/list?titleId=765157&weekday=sat
토요일,태백 : 튜토리얼 맨,https://comic.naver.com/webtoon/list?titleId=755559&weekday=sat
토요일,숨겨진 성녀,https://comic.naver.com/webtoon/list?titleId=781339&weekday=sat
토요일,공유몽,https://comic.naver.com/webtoon/list?titleId=729047&weekday=sat
토요일,홍대 바이브,https://comic.naver.com/webtoon/list?titleId=774869&weekday=sat
토요일,밤을 깨우는 마법,https://comic.naver.com/webtoon/list?titleId=778968&weekday=sat
토요일,사서고생!,https://comic.naver.com/webtoon/list?titleId=780845&weekday=sat
토요일,지구식 구원자 전형,https://comic.naver.com/webtoon/list?titleId=777829&weekday=sat
토요일,메트로헌터,https://comic.naver.com/webtoon/list?titleId=774043&weekday=sat
토요일,왕년엔 용사님,https://comic.naver.com/webtoon/list?titleId=755744&weekday=sat
토요일,단편.zip,https://comic.naver.com/webtoon/list?titleId=755581&weekday=sat
토요일,감 비서가 고장났다,https://comic.naver.com/webtoon/list?titleId=774706&weekday=sat
토요일,왕세자 입학도,https://comic.naver.com/webtoon/list?titleId=739411&weekday=sat
토요일,남자주인공의 여자사람친구입니다,https://comic.naver.com/webtoon/list?titleId=752340&weekday=sat
토요일,남편을 만렙으로 키우려 합니다,https://comic.naver.com/webtoon/list?titleId=774051&weekday=sat
토요일,군주,https://comic.naver.com/webtoon/list?titleId=762236&weekday=sat
토요일,피라미드 게임,https://comic.naver.com/webtoon/list?titleId=739127&weekday=sat
토요일,스트릿 워크아웃,https://comic.naver.com/webtoon/list?titleId=778579&weekday=sat
토요일,같은 학교 친구,https://comic.naver.com/webtoon/list?titleId=774832&weekday=sat
토요일,중매쟁이 아가 황녀님,https://comic.naver.com/webtoon/list?titleId=771065&weekday=sat
토요일,압락사스,https://comic.naver.com/webtoon/list?titleId=729563&weekday=sat
토요일,율리,https://comic.naver.com/webtoon/list?titleId=765470&weekday=sat
토요일,팔려 온 신부,https://comic.naver.com/webtoon/list?titleId=757579&weekday=sat
토요일,키스 식스 센스,https://comic.naver.com/webtoon/list?titleId=770964&weekday=sat
토요일,도사 가온,https://comic.naver.com/webtoon/list?titleId=733277&weekday=sat
토요일,오늘부터 천생연분,https://comic.naver.com/webtoon/list?titleId=761709&weekday=sat
토요일,더 나우,https://comic.naver.com/webtoon/list?titleId=769802&weekday=sat
토요일,좋은데 어떡해,https://comic.naver.com/webtoon/list?titleId=764951&weekday=sat
토요일,모두 너였다,https://comic.naver.com/webtoon/list?titleId=764128&weekday=sat
토요일,주욱 같은 하루,https://comic.naver.com/webtoon/list?titleId=774300&weekday=sat
토요일,인간졸업,https://comic.naver.com/webtoon/list?titleId=754780&weekday=sat
토요일,"안녕, 이바다씨",https://comic.naver.com/webtoon/list?titleId=748532&weekday=sat
토요일,2-3승강장,https://comic.naver.com/webtoon/list?titleId=770019&weekday=sat
토요일,아가사,https://comic.naver.com/webtoon/list?titleId=769193&weekday=sat
토요일,후아유!,https://comic.naver.com/webtoon/list?titleId=753973&weekday=sat
토요일,손 잡아 볼래?,https://comic.naver.com/webtoon/list?titleId=756789&weekday=sat
토요일,"나를 길들여 봐, 차비서",https://comic.naver.com/webtoon/list?titleId=776134&weekday=sat
토요일,광해의 연인,https://comic.naver.com/webtoon/list?titleId=750582&weekday=sat
토요일,아침을 지나 밤으로,https://comic.naver.com/webtoon/list?titleId=753304&weekday=sat
토요일,먹지마세요,https://comic.naver.com/webtoon/list?titleId=735078&weekday=sat
토요일,"저무는 해, 시린 눈",https://comic.naver.com/webtoon/list?titleId=746833&weekday=sat
일요일,독립일기,https://comic.naver.com/webtoon/list?titleId=748105&weekday=sun
일요일,싸움독학,https://comic.naver.com/webtoon/list?titleId=736277&weekday=sun
일요일,무서운게 딱좋아!,https://comic.naver.com/webtoon/list?titleId=778322&weekday=sun
일요일,입학용병,https://comic.naver.com/webtoon/list?titleId=758150&weekday=sun
일요일,이번 생도 잘 부탁해,https://comic.naver.com/webtoon/list?titleId=746858&weekday=sun
일요일,수희0(tngmlek0),https://comic.naver.com/webtoon/list?titleId=774831&weekday=sun
일요일,열렙전사,https://comic.naver.com/webtoon/list?titleId=670152&weekday=sun
일요일,약한영웅,https://comic.naver.com/webtoon/list?titleId=710751&weekday=sun
일요일,투신전생기,https://comic.naver.com/webtoon/list?titleId=774044&weekday=sun
일요일,닥터앤닥터 육아일기,https://comic.naver.com/webtoon/list?titleId=732955&weekday=sun
일요일,어느날 갑자기 서울은,https://comic.naver.com/webtoon/list?titleId=776092&weekday=sun
일요일,"곱게 키웠더니, 짐승",https://comic.naver.com/webtoon/list?titleId=761104&weekday=sun
일요일,천하제일인,https://comic.naver.com/webtoon/list?titleId=751207&weekday=sun
일요일,소녀재판,https://comic.naver.com/webtoon/list?titleId=743838&weekday=sun
일요일,오로지 너를 이기고 싶어,https://comic.naver.com/webtoon/list?titleId=730657&weekday=sun
일요일,나만 보여!,https://comic.naver.com/webtoon/list?titleId=763308&weekday=sun
일요일,테러대부활,https://comic.naver.com/webtoon/list?titleId=761565&weekday=sun
일요일,내일,https://comic.naver.com/webtoon/list?titleId=695796&weekday=sun
일요일,경자 전성시대,https://comic.naver.com/webtoon/list?titleId=769658&weekday=sun
일요일,살아남은 로맨스,https://comic.naver.com/webtoon/list?titleId=764129&weekday=sun
일요일,별이삼샵,https://comic.naver.com/webtoon/list?titleId=737628&weekday=sun
일요일,오늘도 기록생활,https://comic.naver.com/webtoon/list?titleId=780995&weekday=sun
일요일,합격시켜주세용,https://comic.naver.com/webtoon/list?titleId=728128&weekday=sun
일요일,위닝샷!,https://comic.naver.com/webtoon/list?titleId=778578&weekday=sun
일요일,판사 이한영,https://comic.naver.com/webtoon/list?titleId=759567&weekday=sun
일요일,가비지타임,https://comic.naver.com/webtoon/list?titleId=703844&weekday=sun
일요일,벚꽃이 흩날릴 무렵,https://comic.naver.com/webtoon/list?titleId=755982&weekday=sun
일요일,마법스크롤 상인 지오,https://comic.naver.com/webtoon/list?titleId=655746&weekday=sun
일요일,로어 올림푸스,https://comic.naver.com/webtoon/list?titleId=750558&weekday=sun
일요일,사실 마법이었던 거임,https://comic.naver.com/webtoon/list?titleId=774865&weekday=sun
일요일,보스의 노골적 취향,https://comic.naver.com/webtoon/list?titleId=780409&weekday=sun
일요일,강남도깨비,https://comic.naver.com/webtoon/list?titleId=733728&weekday=sun
일요일,몸이 바뀌는 사정,https://comic.naver.com/webtoon/list?titleId=778991&weekday=sun
일요일,천치전능,https://comic.naver.com/webtoon/list?titleId=768473&weekday=sun
일요일,학교정벌,https://comic.naver.com/webtoon/list?titleId=739097&weekday=sun
일요일,평행도시,https://comic.naver.com/webtoon/list?titleId=730607&weekday=sun
일요일,동생친구,https://comic.naver.com/webtoon/list?titleId=767874&weekday=sun
일요일,아르세니아의 마법사,https://comic.naver.com/webtoon/list?titleId=741458&weekday=sun
일요일,생존로그,https://comic.naver.com/webtoon/list?titleId=773027&weekday=sun
일요일,당신의 여자가 되고 싶어요,https://comic.naver.com/webtoon/list?titleId=780266&weekday=sun
일요일,잉여특공대,https://comic.naver.com/webtoon/list?titleId=740387&weekday=sun
일요일,결혼까지 망상했어!,https://comic.naver.com/webtoon/list?titleId=761599&weekday=sun
일요일,전설의 화석,https://comic.naver.com/webtoon/list?titleId=773473&weekday=sun
일요일,데빌샷,https://comic.naver.com/webtoon/list?titleId=753842&weekday=sun
일요일,랑데뷰,https://comic.naver.com/webtoon/list?titleId=778967&weekday=sun
일요일,예쁜 사나이,https://comic.naver.com/webtoon/list?titleId=775657&weekday=sun
일요일,오른눈이 보는 세계,https://comic.naver.com/webtoon/list?titleId=751992&weekday=sun
일요일,사람은 고쳐 쓰는 게 아니야!,https://comic.naver.com/webtoon/list?titleId=758664&weekday=sun
일요일,보통아이,https://comic.naver.com/webtoon/list?titleId=779627&weekday=sun
일요일,굿 리스너,https://comic.naver.com/webtoon/list?titleId=771933&weekday=sun
일요일,취향 소개소,https://comic.naver.com/webtoon/list?titleId=777222&weekday=sun
일요일,혀로 만난 사이,https://comic.naver.com/webtoon/list?titleId=775725&weekday=sun
일요일,"라커, 오프너",https://comic.naver.com/webtoon/list?titleId=761514&weekday=sun
일요일,불순물,https://comic.naver.com/webtoon/list?titleId=771910&weekday=sun
일요일,황제에게 하트를 심어주세요,https://comic.naver.com/webtoon/list?titleId=775318&weekday=sun
일요일,위험한 신입사원,https://comic.naver.com/webtoon/list?titleId=729883&weekday=sun
일요일,조선여우스캔들,https://comic.naver.com/webtoon/list?titleId=758676&weekday=sun
일요일,패션쇼,https://comic.naver.com/webtoon/list?titleId=779354&weekday=sun
일요일,다시 또 봄,https://comic.naver.com/webtoon/list?titleId=777221&weekday=sun
일요일,오늘 밤만 재워줘,https://comic.naver.com/webtoon/list?titleId=759641&weekday=sun
일요일,호수의 인어,https://comic.naver.com/webtoon/list?titleId=771719&weekday=sun
일요일,가짜인간,https://comic.naver.com/webtoon/list?titleId=766504&weekday=sun
일요일,거래하실래요?,https://comic.naver.com/webtoon/list?titleId=773524&weekday=sun
일요일,짝사랑의 유서,https://comic.naver.com/webtoon/list?titleId=776096&weekday=sun
일요일,제타,https://comic.naver.com/webtoon/list?titleId=773067&weekday=sun
일요일,독신마법사 기숙아파트,https://comic.naver.com/webtoon/list?titleId=776143&weekday=sun
일요일,데이즈,https://comic.naver.com/webtoon/list?titleId=752462&weekday=sun
일요일,샤인 스타,https://comic.naver.com/webtoon/list?titleId=758665&weekday=sun
일요일,푸른불꽃,https://comic.naver.com/webtoon/list?titleId=768467&weekday=sun
일요일,호시탐탐,https://comic.naver.com/webtoon/list?titleId=758145&weekday=sun
